Copyright 1986-2021 Xilinx, Inc. All Rights Reserved.
---------------------------------------------------------------------------------------------------------------------------------------------------------------------------------------------------------------------------------------------------------------------
| Tool Version : Vivado v.2021.2 (win64) Build 3367213 Tue Oct 19 02:48:09 MDT 2021
| Date         : Tue Apr 15 10:39:42 2025
| Host         : Eleni-s running 64-bit major release  (build 9200)
| Command      : report_timing_summary -max_paths 10 -report_unconstrained -file MatrixMultiplier_Wrapper_timing_summary_routed.rpt -pb MatrixMultiplier_Wrapper_timing_summary_routed.pb -rpx MatrixMultiplier_Wrapper_timing_summary_routed.rpx -warn_on_violation
| Design       : MatrixMultiplier_Wrapper
| Device       : 7z010-clg400
| Speed File   : -1  PRODUCTION 1.12 2019-11-22
---------------------------------------------------------------------------------------------------------------------------------------------------------------------------------------------------------------------------------------------------------------------

Timing Summary Report

------------------------------------------------------------------------------------------------
| Timer Settings
| --------------
------------------------------------------------------------------------------------------------

  Enable Multi Corner Analysis               :  Yes
  Enable Pessimism Removal                   :  Yes
  Pessimism Removal Resolution               :  Nearest Common Node
  Enable Input Delay Default Clock           :  No
  Enable Preset / Clear Arcs                 :  No
  Disable Flight Delays                      :  No
  Ignore I/O Paths                           :  No
  Timing Early Launch at Borrowing Latches   :  No
  Borrow Time for Max Delay Exceptions       :  Yes
  Merge Timing Exceptions                    :  Yes

  Corner  Analyze    Analyze    
  Name    Max Paths  Min Paths  
  ------  ---------  ---------  
  Slow    Yes        Yes        
  Fast    Yes        Yes        


------------------------------------------------------------------------------------------------
| Report Methodology
| ------------------
------------------------------------------------------------------------------------------------

Rule       Severity  Description                    Violations  
---------  --------  -----------------------------  ----------  
TIMING-18  Warning   Missing input or output delay  55          

Note: This report is based on the most recent report_methodology run and may not be up-to-date. Run report_methodology on the current design for the latest report.



check_timing report

Table of Contents
-----------------
1. checking no_clock (0)
2. checking constant_clock (0)
3. checking pulse_width_clock (0)
4. checking unconstrained_internal_endpoints (0)
5. checking no_input_delay (27)
6. checking no_output_delay (28)
7. checking multiple_clock (0)
8. checking generated_clocks (0)
9. checking loops (0)
10. checking partial_input_delay (0)
11. checking partial_output_delay (0)
12. checking latch_loops (0)

1. checking no_clock (0)
------------------------
 There are 0 register/latch pins with no clock.


2. checking constant_clock (0)
------------------------------
 There are 0 register/latch pins with constant_clock.


3. checking pulse_width_clock (0)
---------------------------------
 There are 0 register/latch pins which need pulse_width check


4. checking unconstrained_internal_endpoints (0)
------------------------------------------------
 There are 0 pins that are not constrained for maximum delay.

 There are 0 pins that are not constrained for maximum delay due to constant clock.


5. checking no_input_delay (27)
-------------------------------
 There are 27 input ports with no input delay specified. (HIGH)

 There are 0 input ports with no input delay but user has a false path constraint.


6. checking no_output_delay (28)
--------------------------------
 There are 28 ports with no output delay specified. (HIGH)

 There are 0 ports with no output delay but user has a false path constraint

 There are 0 ports with no output delay but with a timing clock defined on it or propagating through it


7. checking multiple_clock (0)
------------------------------
 There are 0 register/latch pins with multiple clocks.


8. checking generated_clocks (0)
--------------------------------
 There are 0 generated clocks that are not connected to a clock source.


9. checking loops (0)
---------------------
 There are 0 combinational loops in the design.


10. checking partial_input_delay (0)
------------------------------------
 There are 0 input ports with partial input delay specified.


11. checking partial_output_delay (0)
-------------------------------------
 There are 0 ports with partial output delay specified.


12. checking latch_loops (0)
----------------------------
 There are 0 combinational latch loops in the design through latch input



------------------------------------------------------------------------------------------------
| Design Timing Summary
| ---------------------
------------------------------------------------------------------------------------------------

    WNS(ns)      TNS(ns)  TNS Failing Endpoints  TNS Total Endpoints      WHS(ns)      THS(ns)  THS Failing Endpoints  THS Total Endpoints     WPWS(ns)     TPWS(ns)  TPWS Failing Endpoints  TPWS Total Endpoints  
    -------      -------  ---------------------  -------------------      -------      -------  ---------------------  -------------------     --------     --------  ----------------------  --------------------  
      1.484        0.000                      0                  365        0.179        0.000                      0                  365        4.500        0.000                       0                   249  


All user specified timing constraints are met.


------------------------------------------------------------------------------------------------
| Clock Summary
| -------------
------------------------------------------------------------------------------------------------

Clock       Waveform(ns)       Period(ns)      Frequency(MHz)
-----       ------------       ----------      --------------
PL_clk_125  {0.000 5.000}      10.000          100.000         


------------------------------------------------------------------------------------------------
| Intra Clock Table
| -----------------
------------------------------------------------------------------------------------------------

Clock             WNS(ns)      TNS(ns)  TNS Failing Endpoints  TNS Total Endpoints      WHS(ns)      THS(ns)  THS Failing Endpoints  THS Total Endpoints     WPWS(ns)     TPWS(ns)  TPWS Failing Endpoints  TPWS Total Endpoints  
-----             -------      -------  ---------------------  -------------------      -------      -------  ---------------------  -------------------     --------     --------  ----------------------  --------------------  
PL_clk_125          1.484        0.000                      0                  365        0.179        0.000                      0                  365        4.500        0.000                       0                   249  


------------------------------------------------------------------------------------------------
| Inter Clock Table
| -----------------
------------------------------------------------------------------------------------------------

From Clock    To Clock          WNS(ns)      TNS(ns)  TNS Failing Endpoints  TNS Total Endpoints      WHS(ns)      THS(ns)  THS Failing Endpoints  THS Total Endpoints  
----------    --------          -------      -------  ---------------------  -------------------      -------      -------  ---------------------  -------------------  


------------------------------------------------------------------------------------------------
| Other Path Groups Table
| -----------------------
------------------------------------------------------------------------------------------------

Path Group    From Clock    To Clock          WNS(ns)      TNS(ns)  TNS Failing Endpoints  TNS Total Endpoints      WHS(ns)      THS(ns)  THS Failing Endpoints  THS Total Endpoints  
----------    ----------    --------          -------      -------  ---------------------  -------------------      -------      -------  ---------------------  -------------------  


------------------------------------------------------------------------------------------------
| User Ignored Path Table
| -----------------------
------------------------------------------------------------------------------------------------

Path Group    From Clock    To Clock    
----------    ----------    --------    


------------------------------------------------------------------------------------------------
| Unconstrained Path Table
| ------------------------
------------------------------------------------------------------------------------------------

Path Group    From Clock    To Clock    
----------    ----------    --------    
(none)        PL_clk_125                  
(none)                      PL_clk_125    


------------------------------------------------------------------------------------------------
| Timing Details
| --------------
------------------------------------------------------------------------------------------------


---------------------------------------------------------------------------------------------------
From Clock:  PL_clk_125
  To Clock:  PL_clk_125

Setup :            0  Failing Endpoints,  Worst Slack        1.484ns,  Total Violation        0.000ns
Hold  :            0  Failing Endpoints,  Worst Slack        0.179ns,  Total Violation        0.000ns
PW    :            0  Failing Endpoints,  Worst Slack        4.500ns,  Total Violation        0.000ns
---------------------------------------------------------------------------------------------------


Max Delay Paths
--------------------------------------------------------------------------------------
Slack (MET) :             1.484ns  (required time - arrival time)
  Source:                 actual_B_valid_reg/C
                            (rising edge-triggered cell FDCE clocked by PL_clk_125  {rise@0.000ns fall@5.000ns period=10.000ns})
  Destination:            Multiplier_logic/row_counter_reg[0]/CE
                            (falling edge-triggered cell FDCE clocked by PL_clk_125  {rise@0.000ns fall@5.000ns period=10.000ns})
  Path Group:             PL_clk_125
  Path Type:              Setup (Max at Slow Process Corner)
  Requirement:            5.000ns  (PL_clk_125 fall@5.000ns - PL_clk_125 rise@0.000ns)
  Data Path Delay:        3.230ns  (logic 1.031ns (31.924%)  route 2.199ns (68.076%))
  Logic Levels:           3  (LUT5=1 LUT6=2)
  Clock Path Skew:        -0.049ns (DCD - SCD + CPR)
    Destination Clock Delay (DCD):    0.924ns = ( 5.924 - 5.000 ) 
    Source Clock Delay      (SCD):    0.973ns
    Clock Pessimism Removal (CPR):    0.000ns
  Clock Uncertainty:      0.035ns  ((TSJ^2 + TIJ^2)^1/2 + DJ) / 2 + PE
    Total System Jitter     (TSJ):    0.071ns
    Total Input Jitter      (TIJ):    0.000ns
    Discrete Jitter          (DJ):    0.000ns
    Phase Error              (PE):    0.000ns

    Location             Delay type                Incr(ns)  Path(ns)    Netlist Resource(s)
  -------------------------------------------------------------------    -------------------
                         (clock PL_clk_125 rise edge)
                                                      0.000     0.000 r  
                                                      0.000     0.000 r  clk (IN)
                         net (fo=248, unset)          0.973     0.973    clk
    SLICE_X19Y33         FDCE                                         r  actual_B_valid_reg/C
  -------------------------------------------------------------------    -------------------
    SLICE_X19Y33         FDCE (Prop_fdce_C_Q)         0.456     1.429 r  actual_B_valid_reg/Q
                         net (fo=1, routed)           0.619     2.048    Multiplier_logic/curr_state[0]_i_2_0
    SLICE_X19Y33         LUT6 (Prop_lut6_I3_O)        0.124     2.172 f  Multiplier_logic/curr_state[0]_i_3/O
                         net (fo=1, routed)           0.473     2.646    Multiplier_logic/curr_state[0]_i_3_n_0
    SLICE_X19Y33         LUT5 (Prop_lut5_I4_O)        0.119     2.765 r  Multiplier_logic/curr_state[0]_i_2/O
                         net (fo=19, routed)          0.629     3.394    Multiplier_logic/next_state[0]
    SLICE_X18Y33         LUT6 (Prop_lut6_I3_O)        0.332     3.726 r  Multiplier_logic/row_counter[3]_i_1/O
                         net (fo=4, routed)           0.476     4.203    Multiplier_logic/row_counter[3]_i_1_n_0
    SLICE_X17Y32         FDCE                                         r  Multiplier_logic/row_counter_reg[0]/CE
  -------------------------------------------------------------------    -------------------

                         (clock PL_clk_125 fall edge)
                                                      5.000     5.000 f  
                                                      0.000     5.000 f  clk (IN)
                         net (fo=248, unset)          0.924     5.924    Multiplier_logic/clk
    SLICE_X17Y32         FDCE                                         r  Multiplier_logic/row_counter_reg[0]/C  (IS_INVERTED)
                         clock pessimism              0.000     5.924    
                         clock uncertainty           -0.035     5.889    
    SLICE_X17Y32         FDCE (Setup_fdce_C_CE)      -0.202     5.687    Multiplier_logic/row_counter_reg[0]
  -------------------------------------------------------------------
                         required time                          5.687    
                         arrival time                          -4.203    
  -------------------------------------------------------------------
                         slack                                  1.484    

Slack (MET) :             1.484ns  (required time - arrival time)
  Source:                 actual_B_valid_reg/C
                            (rising edge-triggered cell FDCE clocked by PL_clk_125  {rise@0.000ns fall@5.000ns period=10.000ns})
  Destination:            Multiplier_logic/row_counter_reg[1]/CE
                            (falling edge-triggered cell FDCE clocked by PL_clk_125  {rise@0.000ns fall@5.000ns period=10.000ns})
  Path Group:             PL_clk_125
  Path Type:              Setup (Max at Slow Process Corner)
  Requirement:            5.000ns  (PL_clk_125 fall@5.000ns - PL_clk_125 rise@0.000ns)
  Data Path Delay:        3.230ns  (logic 1.031ns (31.924%)  route 2.199ns (68.076%))
  Logic Levels:           3  (LUT5=1 LUT6=2)
  Clock Path Skew:        -0.049ns (DCD - SCD + CPR)
    Destination Clock Delay (DCD):    0.924ns = ( 5.924 - 5.000 ) 
    Source Clock Delay      (SCD):    0.973ns
    Clock Pessimism Removal (CPR):    0.000ns
  Clock Uncertainty:      0.035ns  ((TSJ^2 + TIJ^2)^1/2 + DJ) / 2 + PE
    Total System Jitter     (TSJ):    0.071ns
    Total Input Jitter      (TIJ):    0.000ns
    Discrete Jitter          (DJ):    0.000ns
    Phase Error              (PE):    0.000ns

    Location             Delay type                Incr(ns)  Path(ns)    Netlist Resource(s)
  -------------------------------------------------------------------    -------------------
                         (clock PL_clk_125 rise edge)
                                                      0.000     0.000 r  
                                                      0.000     0.000 r  clk (IN)
                         net (fo=248, unset)          0.973     0.973    clk
    SLICE_X19Y33         FDCE                                         r  actual_B_valid_reg/C
  -------------------------------------------------------------------    -------------------
    SLICE_X19Y33         FDCE (Prop_fdce_C_Q)         0.456     1.429 r  actual_B_valid_reg/Q
                         net (fo=1, routed)           0.619     2.048    Multiplier_logic/curr_state[0]_i_2_0
    SLICE_X19Y33         LUT6 (Prop_lut6_I3_O)        0.124     2.172 f  Multiplier_logic/curr_state[0]_i_3/O
                         net (fo=1, routed)           0.473     2.646    Multiplier_logic/curr_state[0]_i_3_n_0
    SLICE_X19Y33         LUT5 (Prop_lut5_I4_O)        0.119     2.765 r  Multiplier_logic/curr_state[0]_i_2/O
                         net (fo=19, routed)          0.629     3.394    Multiplier_logic/next_state[0]
    SLICE_X18Y33         LUT6 (Prop_lut6_I3_O)        0.332     3.726 r  Multiplier_logic/row_counter[3]_i_1/O
                         net (fo=4, routed)           0.476     4.203    Multiplier_logic/row_counter[3]_i_1_n_0
    SLICE_X17Y32         FDCE                                         r  Multiplier_logic/row_counter_reg[1]/CE
  -------------------------------------------------------------------    -------------------

                         (clock PL_clk_125 fall edge)
                                                      5.000     5.000 f  
                                                      0.000     5.000 f  clk (IN)
                         net (fo=248, unset)          0.924     5.924    Multiplier_logic/clk
    SLICE_X17Y32         FDCE                                         r  Multiplier_logic/row_counter_reg[1]/C  (IS_INVERTED)
                         clock pessimism              0.000     5.924    
                         clock uncertainty           -0.035     5.889    
    SLICE_X17Y32         FDCE (Setup_fdce_C_CE)      -0.202     5.687    Multiplier_logic/row_counter_reg[1]
  -------------------------------------------------------------------
                         required time                          5.687    
                         arrival time                          -4.203    
  -------------------------------------------------------------------
                         slack                                  1.484    

Slack (MET) :             1.625ns  (required time - arrival time)
  Source:                 actual_B_valid_reg/C
                            (rising edge-triggered cell FDCE clocked by PL_clk_125  {rise@0.000ns fall@5.000ns period=10.000ns})
  Destination:            Multiplier_logic/row_counter_reg[2]/CE
                            (falling edge-triggered cell FDCE clocked by PL_clk_125  {rise@0.000ns fall@5.000ns period=10.000ns})
  Path Group:             PL_clk_125
  Path Type:              Setup (Max at Slow Process Corner)
  Requirement:            5.000ns  (PL_clk_125 fall@5.000ns - PL_clk_125 rise@0.000ns)
  Data Path Delay:        3.089ns  (logic 1.031ns (33.380%)  route 2.058ns (66.620%))
  Logic Levels:           3  (LUT5=1 LUT6=2)
  Clock Path Skew:        -0.049ns (DCD - SCD + CPR)
    Destination Clock Delay (DCD):    0.924ns = ( 5.924 - 5.000 ) 
    Source Clock Delay      (SCD):    0.973ns
    Clock Pessimism Removal (CPR):    0.000ns
  Clock Uncertainty:      0.035ns  ((TSJ^2 + TIJ^2)^1/2 + DJ) / 2 + PE
    Total System Jitter     (TSJ):    0.071ns
    Total Input Jitter      (TIJ):    0.000ns
    Discrete Jitter          (DJ):    0.000ns
    Phase Error              (PE):    0.000ns

    Location             Delay type                Incr(ns)  Path(ns)    Netlist Resource(s)
  -------------------------------------------------------------------    -------------------
                         (clock PL_clk_125 rise edge)
                                                      0.000     0.000 r  
                                                      0.000     0.000 r  clk (IN)
                         net (fo=248, unset)          0.973     0.973    clk
    SLICE_X19Y33         FDCE                                         r  actual_B_valid_reg/C
  -------------------------------------------------------------------    -------------------
    SLICE_X19Y33         FDCE (Prop_fdce_C_Q)         0.456     1.429 r  actual_B_valid_reg/Q
                         net (fo=1, routed)           0.619     2.048    Multiplier_logic/curr_state[0]_i_2_0
    SLICE_X19Y33         LUT6 (Prop_lut6_I3_O)        0.124     2.172 f  Multiplier_logic/curr_state[0]_i_3/O
                         net (fo=1, routed)           0.473     2.646    Multiplier_logic/curr_state[0]_i_3_n_0
    SLICE_X19Y33         LUT5 (Prop_lut5_I4_O)        0.119     2.765 r  Multiplier_logic/curr_state[0]_i_2/O
                         net (fo=19, routed)          0.629     3.394    Multiplier_logic/next_state[0]
    SLICE_X18Y33         LUT6 (Prop_lut6_I3_O)        0.332     3.726 r  Multiplier_logic/row_counter[3]_i_1/O
                         net (fo=4, routed)           0.336     4.062    Multiplier_logic/row_counter[3]_i_1_n_0
    SLICE_X17Y33         FDCE                                         r  Multiplier_logic/row_counter_reg[2]/CE
  -------------------------------------------------------------------    -------------------

                         (clock PL_clk_125 fall edge)
                                                      5.000     5.000 f  
                                                      0.000     5.000 f  clk (IN)
                         net (fo=248, unset)          0.924     5.924    Multiplier_logic/clk
    SLICE_X17Y33         FDCE                                         r  Multiplier_logic/row_counter_reg[2]/C  (IS_INVERTED)
                         clock pessimism              0.000     5.924    
                         clock uncertainty           -0.035     5.889    
    SLICE_X17Y33         FDCE (Setup_fdce_C_CE)      -0.202     5.687    Multiplier_logic/row_counter_reg[2]
  -------------------------------------------------------------------
                         required time                          5.687    
                         arrival time                          -4.062    
  -------------------------------------------------------------------
                         slack                                  1.625    

Slack (MET) :             1.625ns  (required time - arrival time)
  Source:                 actual_B_valid_reg/C
                            (rising edge-triggered cell FDCE clocked by PL_clk_125  {rise@0.000ns fall@5.000ns period=10.000ns})
  Destination:            Multiplier_logic/row_counter_reg[3]/CE
                            (falling edge-triggered cell FDCE clocked by PL_clk_125  {rise@0.000ns fall@5.000ns period=10.000ns})
  Path Group:             PL_clk_125
  Path Type:              Setup (Max at Slow Process Corner)
  Requirement:            5.000ns  (PL_clk_125 fall@5.000ns - PL_clk_125 rise@0.000ns)
  Data Path Delay:        3.089ns  (logic 1.031ns (33.380%)  route 2.058ns (66.620%))
  Logic Levels:           3  (LUT5=1 LUT6=2)
  Clock Path Skew:        -0.049ns (DCD - SCD + CPR)
    Destination Clock Delay (DCD):    0.924ns = ( 5.924 - 5.000 ) 
    Source Clock Delay      (SCD):    0.973ns
    Clock Pessimism Removal (CPR):    0.000ns
  Clock Uncertainty:      0.035ns  ((TSJ^2 + TIJ^2)^1/2 + DJ) / 2 + PE
    Total System Jitter     (TSJ):    0.071ns
    Total Input Jitter      (TIJ):    0.000ns
    Discrete Jitter          (DJ):    0.000ns
    Phase Error              (PE):    0.000ns

    Location             Delay type                Incr(ns)  Path(ns)    Netlist Resource(s)
  -------------------------------------------------------------------    -------------------
                         (clock PL_clk_125 rise edge)
                                                      0.000     0.000 r  
                                                      0.000     0.000 r  clk (IN)
                         net (fo=248, unset)          0.973     0.973    clk
    SLICE_X19Y33         FDCE                                         r  actual_B_valid_reg/C
  -------------------------------------------------------------------    -------------------
    SLICE_X19Y33         FDCE (Prop_fdce_C_Q)         0.456     1.429 r  actual_B_valid_reg/Q
                         net (fo=1, routed)           0.619     2.048    Multiplier_logic/curr_state[0]_i_2_0
    SLICE_X19Y33         LUT6 (Prop_lut6_I3_O)        0.124     2.172 f  Multiplier_logic/curr_state[0]_i_3/O
                         net (fo=1, routed)           0.473     2.646    Multiplier_logic/curr_state[0]_i_3_n_0
    SLICE_X19Y33         LUT5 (Prop_lut5_I4_O)        0.119     2.765 r  Multiplier_logic/curr_state[0]_i_2/O
                         net (fo=19, routed)          0.629     3.394    Multiplier_logic/next_state[0]
    SLICE_X18Y33         LUT6 (Prop_lut6_I3_O)        0.332     3.726 r  Multiplier_logic/row_counter[3]_i_1/O
                         net (fo=4, routed)           0.336     4.062    Multiplier_logic/row_counter[3]_i_1_n_0
    SLICE_X17Y33         FDCE                                         r  Multiplier_logic/row_counter_reg[3]/CE
  -------------------------------------------------------------------    -------------------

                         (clock PL_clk_125 fall edge)
                                                      5.000     5.000 f  
                                                      0.000     5.000 f  clk (IN)
                         net (fo=248, unset)          0.924     5.924    Multiplier_logic/clk
    SLICE_X17Y33         FDCE                                         r  Multiplier_logic/row_counter_reg[3]/C  (IS_INVERTED)
                         clock pessimism              0.000     5.924    
                         clock uncertainty           -0.035     5.889    
    SLICE_X17Y33         FDCE (Setup_fdce_C_CE)      -0.202     5.687    Multiplier_logic/row_counter_reg[3]
  -------------------------------------------------------------------
                         required time                          5.687    
                         arrival time                          -4.062    
  -------------------------------------------------------------------
                         slack                                  1.625    

Slack (MET) :             1.662ns  (required time - arrival time)
  Source:                 actual_B_valid_reg/C
                            (rising edge-triggered cell FDCE clocked by PL_clk_125  {rise@0.000ns fall@5.000ns period=10.000ns})
  Destination:            Multiplier_logic/col_counter_reg[0]/CE
                            (falling edge-triggered cell FDCE clocked by PL_clk_125  {rise@0.000ns fall@5.000ns period=10.000ns})
  Path Group:             PL_clk_125
  Path Type:              Setup (Max at Slow Process Corner)
  Requirement:            5.000ns  (PL_clk_125 fall@5.000ns - PL_clk_125 rise@0.000ns)
  Data Path Delay:        3.090ns  (logic 1.031ns (33.367%)  route 2.059ns (66.633%))
  Logic Levels:           3  (LUT5=1 LUT6=2)
  Clock Path Skew:        -0.049ns (DCD - SCD + CPR)
    Destination Clock Delay (DCD):    0.924ns = ( 5.924 - 5.000 ) 
    Source Clock Delay      (SCD):    0.973ns
    Clock Pessimism Removal (CPR):    0.000ns
  Clock Uncertainty:      0.035ns  ((TSJ^2 + TIJ^2)^1/2 + DJ) / 2 + PE
    Total System Jitter     (TSJ):    0.071ns
    Total Input Jitter      (TIJ):    0.000ns
    Discrete Jitter          (DJ):    0.000ns
    Phase Error              (PE):    0.000ns

    Location             Delay type                Incr(ns)  Path(ns)    Netlist Resource(s)
  -------------------------------------------------------------------    -------------------
                         (clock PL_clk_125 rise edge)
                                                      0.000     0.000 r  
                                                      0.000     0.000 r  clk (IN)
                         net (fo=248, unset)          0.973     0.973    clk
    SLICE_X19Y33         FDCE                                         r  actual_B_valid_reg/C
  -------------------------------------------------------------------    -------------------
    SLICE_X19Y33         FDCE (Prop_fdce_C_Q)         0.456     1.429 r  actual_B_valid_reg/Q
                         net (fo=1, routed)           0.619     2.048    Multiplier_logic/curr_state[0]_i_2_0
    SLICE_X19Y33         LUT6 (Prop_lut6_I3_O)        0.124     2.172 f  Multiplier_logic/curr_state[0]_i_3/O
                         net (fo=1, routed)           0.473     2.646    Multiplier_logic/curr_state[0]_i_3_n_0
    SLICE_X19Y33         LUT5 (Prop_lut5_I4_O)        0.119     2.765 r  Multiplier_logic/curr_state[0]_i_2/O
                         net (fo=19, routed)          0.446     3.211    Multiplier_logic/next_state[0]
    SLICE_X20Y33         LUT6 (Prop_lut6_I3_O)        0.332     3.543 r  Multiplier_logic/col_counter[3]_i_1/O
                         net (fo=4, routed)           0.520     4.063    Multiplier_logic/col_counter[3]_i_1_n_0
    SLICE_X20Y32         FDCE                                         r  Multiplier_logic/col_counter_reg[0]/CE
  -------------------------------------------------------------------    -------------------

                         (clock PL_clk_125 fall edge)
                                                      5.000     5.000 f  
                                                      0.000     5.000 f  clk (IN)
                         net (fo=248, unset)          0.924     5.924    Multiplier_logic/clk
    SLICE_X20Y32         FDCE                                         r  Multiplier_logic/col_counter_reg[0]/C  (IS_INVERTED)
                         clock pessimism              0.000     5.924    
                         clock uncertainty           -0.035     5.889    
    SLICE_X20Y32         FDCE (Setup_fdce_C_CE)      -0.164     5.725    Multiplier_logic/col_counter_reg[0]
  -------------------------------------------------------------------
                         required time                          5.725    
                         arrival time                          -4.063    
  -------------------------------------------------------------------
                         slack                                  1.662    

Slack (MET) :             1.662ns  (required time - arrival time)
  Source:                 actual_B_valid_reg/C
                            (rising edge-triggered cell FDCE clocked by PL_clk_125  {rise@0.000ns fall@5.000ns period=10.000ns})
  Destination:            Multiplier_logic/col_counter_reg[1]/CE
                            (falling edge-triggered cell FDCE clocked by PL_clk_125  {rise@0.000ns fall@5.000ns period=10.000ns})
  Path Group:             PL_clk_125
  Path Type:              Setup (Max at Slow Process Corner)
  Requirement:            5.000ns  (PL_clk_125 fall@5.000ns - PL_clk_125 rise@0.000ns)
  Data Path Delay:        3.090ns  (logic 1.031ns (33.367%)  route 2.059ns (66.633%))
  Logic Levels:           3  (LUT5=1 LUT6=2)
  Clock Path Skew:        -0.049ns (DCD - SCD + CPR)
    Destination Clock Delay (DCD):    0.924ns = ( 5.924 - 5.000 ) 
    Source Clock Delay      (SCD):    0.973ns
    Clock Pessimism Removal (CPR):    0.000ns
  Clock Uncertainty:      0.035ns  ((TSJ^2 + TIJ^2)^1/2 + DJ) / 2 + PE
    Total System Jitter     (TSJ):    0.071ns
    Total Input Jitter      (TIJ):    0.000ns
    Discrete Jitter          (DJ):    0.000ns
    Phase Error              (PE):    0.000ns

    Location             Delay type                Incr(ns)  Path(ns)    Netlist Resource(s)
  -------------------------------------------------------------------    -------------------
                         (clock PL_clk_125 rise edge)
                                                      0.000     0.000 r  
                                                      0.000     0.000 r  clk (IN)
                         net (fo=248, unset)          0.973     0.973    clk
    SLICE_X19Y33         FDCE                                         r  actual_B_valid_reg/C
  -------------------------------------------------------------------    -------------------
    SLICE_X19Y33         FDCE (Prop_fdce_C_Q)         0.456     1.429 r  actual_B_valid_reg/Q
                         net (fo=1, routed)           0.619     2.048    Multiplier_logic/curr_state[0]_i_2_0
    SLICE_X19Y33         LUT6 (Prop_lut6_I3_O)        0.124     2.172 f  Multiplier_logic/curr_state[0]_i_3/O
                         net (fo=1, routed)           0.473     2.646    Multiplier_logic/curr_state[0]_i_3_n_0
    SLICE_X19Y33         LUT5 (Prop_lut5_I4_O)        0.119     2.765 r  Multiplier_logic/curr_state[0]_i_2/O
                         net (fo=19, routed)          0.446     3.211    Multiplier_logic/next_state[0]
    SLICE_X20Y33         LUT6 (Prop_lut6_I3_O)        0.332     3.543 r  Multiplier_logic/col_counter[3]_i_1/O
                         net (fo=4, routed)           0.520     4.063    Multiplier_logic/col_counter[3]_i_1_n_0
    SLICE_X20Y32         FDCE                                         r  Multiplier_logic/col_counter_reg[1]/CE
  -------------------------------------------------------------------    -------------------

                         (clock PL_clk_125 fall edge)
                                                      5.000     5.000 f  
                                                      0.000     5.000 f  clk (IN)
                         net (fo=248, unset)          0.924     5.924    Multiplier_logic/clk
    SLICE_X20Y32         FDCE                                         r  Multiplier_logic/col_counter_reg[1]/C  (IS_INVERTED)
                         clock pessimism              0.000     5.924    
                         clock uncertainty           -0.035     5.889    
    SLICE_X20Y32         FDCE (Setup_fdce_C_CE)      -0.164     5.725    Multiplier_logic/col_counter_reg[1]
  -------------------------------------------------------------------
                         required time                          5.725    
                         arrival time                          -4.063    
  -------------------------------------------------------------------
                         slack                                  1.662    

Slack (MET) :             1.662ns  (required time - arrival time)
  Source:                 actual_B_valid_reg/C
                            (rising edge-triggered cell FDCE clocked by PL_clk_125  {rise@0.000ns fall@5.000ns period=10.000ns})
  Destination:            Multiplier_logic/col_counter_reg[2]/CE
                            (falling edge-triggered cell FDCE clocked by PL_clk_125  {rise@0.000ns fall@5.000ns period=10.000ns})
  Path Group:             PL_clk_125
  Path Type:              Setup (Max at Slow Process Corner)
  Requirement:            5.000ns  (PL_clk_125 fall@5.000ns - PL_clk_125 rise@0.000ns)
  Data Path Delay:        3.090ns  (logic 1.031ns (33.367%)  route 2.059ns (66.633%))
  Logic Levels:           3  (LUT5=1 LUT6=2)
  Clock Path Skew:        -0.049ns (DCD - SCD + CPR)
    Destination Clock Delay (DCD):    0.924ns = ( 5.924 - 5.000 ) 
    Source Clock Delay      (SCD):    0.973ns
    Clock Pessimism Removal (CPR):    0.000ns
  Clock Uncertainty:      0.035ns  ((TSJ^2 + TIJ^2)^1/2 + DJ) / 2 + PE
    Total System Jitter     (TSJ):    0.071ns
    Total Input Jitter      (TIJ):    0.000ns
    Discrete Jitter          (DJ):    0.000ns
    Phase Error              (PE):    0.000ns

    Location             Delay type                Incr(ns)  Path(ns)    Netlist Resource(s)
  -------------------------------------------------------------------    -------------------
                         (clock PL_clk_125 rise edge)
                                                      0.000     0.000 r  
                                                      0.000     0.000 r  clk (IN)
                         net (fo=248, unset)          0.973     0.973    clk
    SLICE_X19Y33         FDCE                                         r  actual_B_valid_reg/C
  -------------------------------------------------------------------    -------------------
    SLICE_X19Y33         FDCE (Prop_fdce_C_Q)         0.456     1.429 r  actual_B_valid_reg/Q
                         net (fo=1, routed)           0.619     2.048    Multiplier_logic/curr_state[0]_i_2_0
    SLICE_X19Y33         LUT6 (Prop_lut6_I3_O)        0.124     2.172 f  Multiplier_logic/curr_state[0]_i_3/O
                         net (fo=1, routed)           0.473     2.646    Multiplier_logic/curr_state[0]_i_3_n_0
    SLICE_X19Y33         LUT5 (Prop_lut5_I4_O)        0.119     2.765 r  Multiplier_logic/curr_state[0]_i_2/O
                         net (fo=19, routed)          0.446     3.211    Multiplier_logic/next_state[0]
    SLICE_X20Y33         LUT6 (Prop_lut6_I3_O)        0.332     3.543 r  Multiplier_logic/col_counter[3]_i_1/O
                         net (fo=4, routed)           0.520     4.063    Multiplier_logic/col_counter[3]_i_1_n_0
    SLICE_X20Y32         FDCE                                         r  Multiplier_logic/col_counter_reg[2]/CE
  -------------------------------------------------------------------    -------------------

                         (clock PL_clk_125 fall edge)
                                                      5.000     5.000 f  
                                                      0.000     5.000 f  clk (IN)
                         net (fo=248, unset)          0.924     5.924    Multiplier_logic/clk
    SLICE_X20Y32         FDCE                                         r  Multiplier_logic/col_counter_reg[2]/C  (IS_INVERTED)
                         clock pessimism              0.000     5.924    
                         clock uncertainty           -0.035     5.889    
    SLICE_X20Y32         FDCE (Setup_fdce_C_CE)      -0.164     5.725    Multiplier_logic/col_counter_reg[2]
  -------------------------------------------------------------------
                         required time                          5.725    
                         arrival time                          -4.063    
  -------------------------------------------------------------------
                         slack                                  1.662    

Slack (MET) :             1.662ns  (required time - arrival time)
  Source:                 actual_B_valid_reg/C
                            (rising edge-triggered cell FDCE clocked by PL_clk_125  {rise@0.000ns fall@5.000ns period=10.000ns})
  Destination:            Multiplier_logic/col_counter_reg[3]/CE
                            (falling edge-triggered cell FDCE clocked by PL_clk_125  {rise@0.000ns fall@5.000ns period=10.000ns})
  Path Group:             PL_clk_125
  Path Type:              Setup (Max at Slow Process Corner)
  Requirement:            5.000ns  (PL_clk_125 fall@5.000ns - PL_clk_125 rise@0.000ns)
  Data Path Delay:        3.090ns  (logic 1.031ns (33.367%)  route 2.059ns (66.633%))
  Logic Levels:           3  (LUT5=1 LUT6=2)
  Clock Path Skew:        -0.049ns (DCD - SCD + CPR)
    Destination Clock Delay (DCD):    0.924ns = ( 5.924 - 5.000 ) 
    Source Clock Delay      (SCD):    0.973ns
    Clock Pessimism Removal (CPR):    0.000ns
  Clock Uncertainty:      0.035ns  ((TSJ^2 + TIJ^2)^1/2 + DJ) / 2 + PE
    Total System Jitter     (TSJ):    0.071ns
    Total Input Jitter      (TIJ):    0.000ns
    Discrete Jitter          (DJ):    0.000ns
    Phase Error              (PE):    0.000ns

    Location             Delay type                Incr(ns)  Path(ns)    Netlist Resource(s)
  -------------------------------------------------------------------    -------------------
                         (clock PL_clk_125 rise edge)
                                                      0.000     0.000 r  
                                                      0.000     0.000 r  clk (IN)
                         net (fo=248, unset)          0.973     0.973    clk
    SLICE_X19Y33         FDCE                                         r  actual_B_valid_reg/C
  -------------------------------------------------------------------    -------------------
    SLICE_X19Y33         FDCE (Prop_fdce_C_Q)         0.456     1.429 r  actual_B_valid_reg/Q
                         net (fo=1, routed)           0.619     2.048    Multiplier_logic/curr_state[0]_i_2_0
    SLICE_X19Y33         LUT6 (Prop_lut6_I3_O)        0.124     2.172 f  Multiplier_logic/curr_state[0]_i_3/O
                         net (fo=1, routed)           0.473     2.646    Multiplier_logic/curr_state[0]_i_3_n_0
    SLICE_X19Y33         LUT5 (Prop_lut5_I4_O)        0.119     2.765 r  Multiplier_logic/curr_state[0]_i_2/O
                         net (fo=19, routed)          0.446     3.211    Multiplier_logic/next_state[0]
    SLICE_X20Y33         LUT6 (Prop_lut6_I3_O)        0.332     3.543 r  Multiplier_logic/col_counter[3]_i_1/O
                         net (fo=4, routed)           0.520     4.063    Multiplier_logic/col_counter[3]_i_1_n_0
    SLICE_X20Y32         FDCE                                         r  Multiplier_logic/col_counter_reg[3]/CE
  -------------------------------------------------------------------    -------------------

                         (clock PL_clk_125 fall edge)
                                                      5.000     5.000 f  
                                                      0.000     5.000 f  clk (IN)
                         net (fo=248, unset)          0.924     5.924    Multiplier_logic/clk
    SLICE_X20Y32         FDCE                                         r  Multiplier_logic/col_counter_reg[3]/C  (IS_INVERTED)
                         clock pessimism              0.000     5.924    
                         clock uncertainty           -0.035     5.889    
    SLICE_X20Y32         FDCE (Setup_fdce_C_CE)      -0.164     5.725    Multiplier_logic/col_counter_reg[3]
  -------------------------------------------------------------------
                         required time                          5.725    
                         arrival time                          -4.063    
  -------------------------------------------------------------------
                         slack                                  1.662    

Slack (MET) :             2.063ns  (required time - arrival time)
  Source:                 actual_B_valid_reg/C
                            (rising edge-triggered cell FDCE clocked by PL_clk_125  {rise@0.000ns fall@5.000ns period=10.000ns})
  Destination:            Multiplier_logic/sum_counter_reg[0]/D
                            (falling edge-triggered cell FDCE clocked by PL_clk_125  {rise@0.000ns fall@5.000ns period=10.000ns})
  Path Group:             PL_clk_125
  Path Type:              Setup (Max at Slow Process Corner)
  Requirement:            5.000ns  (PL_clk_125 fall@5.000ns - PL_clk_125 rise@0.000ns)
  Data Path Delay:        2.885ns  (logic 1.031ns (35.737%)  route 1.854ns (64.263%))
  Logic Levels:           3  (LUT5=1 LUT6=2)
  Clock Path Skew:        -0.049ns (DCD - SCD + CPR)
    Destination Clock Delay (DCD):    0.924ns = ( 5.924 - 5.000 ) 
    Source Clock Delay      (SCD):    0.973ns
    Clock Pessimism Removal (CPR):    0.000ns
  Clock Uncertainty:      0.035ns  ((TSJ^2 + TIJ^2)^1/2 + DJ) / 2 + PE
    Total System Jitter     (TSJ):    0.071ns
    Total Input Jitter      (TIJ):    0.000ns
    Discrete Jitter          (DJ):    0.000ns
    Phase Error              (PE):    0.000ns

    Location             Delay type                Incr(ns)  Path(ns)    Netlist Resource(s)
  -------------------------------------------------------------------    -------------------
                         (clock PL_clk_125 rise edge)
                                                      0.000     0.000 r  
                                                      0.000     0.000 r  clk (IN)
                         net (fo=248, unset)          0.973     0.973    clk
    SLICE_X19Y33         FDCE                                         r  actual_B_valid_reg/C
  -------------------------------------------------------------------    -------------------
    SLICE_X19Y33         FDCE (Prop_fdce_C_Q)         0.456     1.429 r  actual_B_valid_reg/Q
                         net (fo=1, routed)           0.619     2.048    Multiplier_logic/curr_state[0]_i_2_0
    SLICE_X19Y33         LUT6 (Prop_lut6_I3_O)        0.124     2.172 f  Multiplier_logic/curr_state[0]_i_3/O
                         net (fo=1, routed)           0.473     2.646    Multiplier_logic/curr_state[0]_i_3_n_0
    SLICE_X19Y33         LUT5 (Prop_lut5_I4_O)        0.119     2.765 r  Multiplier_logic/curr_state[0]_i_2/O
                         net (fo=19, routed)          0.761     3.526    Multiplier_logic/next_state[0]
    SLICE_X19Y34         LUT6 (Prop_lut6_I2_O)        0.332     3.858 r  Multiplier_logic/sum_counter[0]_i_1/O
                         net (fo=1, routed)           0.000     3.858    Multiplier_logic/sum_counter[0]_i_1_n_0
    SLICE_X19Y34         FDCE                                         r  Multiplier_logic/sum_counter_reg[0]/D
  -------------------------------------------------------------------    -------------------

                         (clock PL_clk_125 fall edge)
                                                      5.000     5.000 f  
                                                      0.000     5.000 f  clk (IN)
                         net (fo=248, unset)          0.924     5.924    Multiplier_logic/clk
    SLICE_X19Y34         FDCE                                         r  Multiplier_logic/sum_counter_reg[0]/C  (IS_INVERTED)
                         clock pessimism              0.000     5.924    
                         clock uncertainty           -0.035     5.889    
    SLICE_X19Y34         FDCE (Setup_fdce_C_D)        0.032     5.921    Multiplier_logic/sum_counter_reg[0]
  -------------------------------------------------------------------
                         required time                          5.921    
                         arrival time                          -3.858    
  -------------------------------------------------------------------
                         slack                                  2.063    

Slack (MET) :             2.165ns  (required time - arrival time)
  Source:                 actual_B_valid_reg/C
                            (rising edge-triggered cell FDCE clocked by PL_clk_125  {rise@0.000ns fall@5.000ns period=10.000ns})
  Destination:            Multiplier_logic/curr_state_reg[0]/D
                            (falling edge-triggered cell FDCE clocked by PL_clk_125  {rise@0.000ns fall@5.000ns period=10.000ns})
  Path Group:             PL_clk_125
  Path Type:              Setup (Max at Slow Process Corner)
  Requirement:            5.000ns  (PL_clk_125 fall@5.000ns - PL_clk_125 rise@0.000ns)
  Data Path Delay:        2.499ns  (logic 0.699ns (27.969%)  route 1.800ns (72.031%))
  Logic Levels:           2  (LUT5=1 LUT6=1)
  Clock Path Skew:        -0.049ns (DCD - SCD + CPR)
    Destination Clock Delay (DCD):    0.924ns = ( 5.924 - 5.000 ) 
    Source Clock Delay      (SCD):    0.973ns
    Clock Pessimism Removal (CPR):    0.000ns
  Clock Uncertainty:      0.035ns  ((TSJ^2 + TIJ^2)^1/2 + DJ) / 2 + PE
    Total System Jitter     (TSJ):    0.071ns
    Total Input Jitter      (TIJ):    0.000ns
    Discrete Jitter          (DJ):    0.000ns
    Phase Error              (PE):    0.000ns

    Location             Delay type                Incr(ns)  Path(ns)    Netlist Resource(s)
  -------------------------------------------------------------------    -------------------
                         (clock PL_clk_125 rise edge)
                                                      0.000     0.000 r  
                                                      0.000     0.000 r  clk (IN)
                         net (fo=248, unset)          0.973     0.973    clk
    SLICE_X19Y33         FDCE                                         r  actual_B_valid_reg/C
  -------------------------------------------------------------------    -------------------
    SLICE_X19Y33         FDCE (Prop_fdce_C_Q)         0.456     1.429 r  actual_B_valid_reg/Q
                         net (fo=1, routed)           0.619     2.048    Multiplier_logic/curr_state[0]_i_2_0
    SLICE_X19Y33         LUT6 (Prop_lut6_I3_O)        0.124     2.172 f  Multiplier_logic/curr_state[0]_i_3/O
                         net (fo=1, routed)           0.473     2.646    Multiplier_logic/curr_state[0]_i_3_n_0
    SLICE_X19Y33         LUT5 (Prop_lut5_I4_O)        0.119     2.765 r  Multiplier_logic/curr_state[0]_i_2/O
                         net (fo=19, routed)          0.708     3.472    Multiplier_logic/next_state[0]
    SLICE_X19Y34         FDCE                                         r  Multiplier_logic/curr_state_reg[0]/D
  -------------------------------------------------------------------    -------------------

                         (clock PL_clk_125 fall edge)
                                                      5.000     5.000 f  
                                                      0.000     5.000 f  clk (IN)
                         net (fo=248, unset)          0.924     5.924    Multiplier_logic/clk
    SLICE_X19Y34         FDCE                                         r  Multiplier_logic/curr_state_reg[0]/C  (IS_INVERTED)
                         clock pessimism              0.000     5.924    
                         clock uncertainty           -0.035     5.889    
    SLICE_X19Y34         FDCE (Setup_fdce_C_D)       -0.252     5.637    Multiplier_logic/curr_state_reg[0]
  -------------------------------------------------------------------
                         required time                          5.637    
                         arrival time                          -3.472    
  -------------------------------------------------------------------
                         slack                                  2.165    





Min Delay Paths
--------------------------------------------------------------------------------------
Slack (MET) :             0.179ns  (arrival time - required time)
  Source:                 Multiplier_logic/dot_product_reg[6]/C
                            (falling edge-triggered cell FDRE clocked by PL_clk_125  {rise@0.000ns fall@5.000ns period=10.000ns})
  Destination:            Multiplier_logic/LUT_C/LUT_reg[0][6]/D
                            (falling edge-triggered cell FDCE clocked by PL_clk_125  {rise@0.000ns fall@5.000ns period=10.000ns})
  Path Group:             PL_clk_125
  Path Type:              Hold (Min at Fast Process Corner)
  Requirement:            0.000ns  (PL_clk_125 fall@5.000ns - PL_clk_125 fall@5.000ns)
  Data Path Delay:        0.224ns  (logic 0.133ns (59.472%)  route 0.091ns (40.528%))
  Logic Levels:           0  
  Clock Path Skew:        0.022ns (DCD - SCD - CPR)
    Destination Clock Delay (DCD):    0.432ns = ( 5.432 - 5.000 ) 
    Source Clock Delay      (SCD):    0.410ns = ( 5.410 - 5.000 ) 
    Clock Pessimism Removal (CPR):    -0.000ns

    Location             Delay type                Incr(ns)  Path(ns)    Netlist Resource(s)
  -------------------------------------------------------------------    -------------------
                         (clock PL_clk_125 fall edge)
                                                      5.000     5.000 f  
                                                      0.000     5.000 f  clk (IN)
                         net (fo=248, unset)          0.410     5.410    Multiplier_logic/clk
    SLICE_X14Y37         FDRE                                         r  Multiplier_logic/dot_product_reg[6]/C  (IS_INVERTED)
  -------------------------------------------------------------------    -------------------
    SLICE_X14Y37         FDRE (Prop_fdre_C_Q)         0.133     5.543 r  Multiplier_logic/dot_product_reg[6]/Q
                         net (fo=10, routed)          0.091     5.634    Multiplier_logic/LUT_C/LUT_reg[7][8]_0[6]
    SLICE_X15Y37         FDCE                                         r  Multiplier_logic/LUT_C/LUT_reg[0][6]/D
  -------------------------------------------------------------------    -------------------

                         (clock PL_clk_125 fall edge)
                                                      5.000     5.000 f  
                                                      0.000     5.000 f  clk (IN)
                         net (fo=248, unset)          0.432     5.432    Multiplier_logic/LUT_C/clk
    SLICE_X15Y37         FDCE                                         r  Multiplier_logic/LUT_C/LUT_reg[0][6]/C  (IS_INVERTED)
                         clock pessimism              0.000     5.432    
    SLICE_X15Y37         FDCE (Hold_fdce_C_D)         0.023     5.455    Multiplier_logic/LUT_C/LUT_reg[0][6]
  -------------------------------------------------------------------
                         required time                         -5.455    
                         arrival time                           5.634    
  -------------------------------------------------------------------
                         slack                                  0.179    

Slack (MET) :             0.186ns  (arrival time - required time)
  Source:                 Multiplier_logic/LUT_A/LUT_reg[1][0]/C
                            (falling edge-triggered cell FDCE clocked by PL_clk_125  {rise@0.000ns fall@5.000ns period=10.000ns})
  Destination:            Multiplier_logic/LUT_A/LUT_reg[1][0]/D
                            (falling edge-triggered cell FDCE clocked by PL_clk_125  {rise@0.000ns fall@5.000ns period=10.000ns})
  Path Group:             PL_clk_125
  Path Type:              Hold (Min at Fast Process Corner)
  Requirement:            0.000ns  (PL_clk_125 fall@5.000ns - PL_clk_125 fall@5.000ns)
  Data Path Delay:        0.305ns  (logic 0.191ns (62.580%)  route 0.114ns (37.420%))
  Logic Levels:           1  (LUT6=1)
  Clock Path Skew:        0.022ns (DCD - SCD - CPR)
    Destination Clock Delay (DCD):    0.432ns = ( 5.432 - 5.000 ) 
    Source Clock Delay      (SCD):    0.410ns = ( 5.410 - 5.000 ) 
    Clock Pessimism Removal (CPR):    -0.000ns

    Location             Delay type                Incr(ns)  Path(ns)    Netlist Resource(s)
  -------------------------------------------------------------------    -------------------
                         (clock PL_clk_125 fall edge)
                                                      5.000     5.000 f  
                                                      0.000     5.000 f  clk (IN)
                         net (fo=248, unset)          0.410     5.410    Multiplier_logic/LUT_A/clk
    SLICE_X13Y31         FDCE                                         r  Multiplier_logic/LUT_A/LUT_reg[1][0]/C  (IS_INVERTED)
  -------------------------------------------------------------------    -------------------
    SLICE_X13Y31         FDCE (Prop_fdce_C_Q)         0.146     5.556 r  Multiplier_logic/LUT_A/LUT_reg[1][0]/Q
                         net (fo=2, routed)           0.114     5.670    Multiplier_logic/LUT_A/LUT_reg[1][0]
    SLICE_X13Y31         LUT6 (Prop_lut6_I5_O)        0.045     5.715 r  Multiplier_logic/LUT_A/LUT[1][0]_i_1/O
                         net (fo=1, routed)           0.000     5.715    Multiplier_logic/LUT_A/LUT[1][0]_i_1_n_0
    SLICE_X13Y31         FDCE                                         r  Multiplier_logic/LUT_A/LUT_reg[1][0]/D
  -------------------------------------------------------------------    -------------------

                         (clock PL_clk_125 fall edge)
                                                      5.000     5.000 f  
                                                      0.000     5.000 f  clk (IN)
                         net (fo=248, unset)          0.432     5.432    Multiplier_logic/LUT_A/clk
    SLICE_X13Y31         FDCE                                         r  Multiplier_logic/LUT_A/LUT_reg[1][0]/C  (IS_INVERTED)
                         clock pessimism              0.000     5.432    
    SLICE_X13Y31         FDCE (Hold_fdce_C_D)         0.098     5.530    Multiplier_logic/LUT_A/LUT_reg[1][0]
  -------------------------------------------------------------------
                         required time                         -5.530    
                         arrival time                           5.715    
  -------------------------------------------------------------------
                         slack                                  0.186    

Slack (MET) :             0.186ns  (arrival time - required time)
  Source:                 Multiplier_logic/LUT_A/LUT_reg[4][1]/C
                            (falling edge-triggered cell FDCE clocked by PL_clk_125  {rise@0.000ns fall@5.000ns period=10.000ns})
  Destination:            Multiplier_logic/LUT_A/LUT_reg[4][1]/D
                            (falling edge-triggered cell FDCE clocked by PL_clk_125  {rise@0.000ns fall@5.000ns period=10.000ns})
  Path Group:             PL_clk_125
  Path Type:              Hold (Min at Fast Process Corner)
  Requirement:            0.000ns  (PL_clk_125 fall@5.000ns - PL_clk_125 fall@5.000ns)
  Data Path Delay:        0.305ns  (logic 0.191ns (62.580%)  route 0.114ns (37.420%))
  Logic Levels:           1  (LUT6=1)
  Clock Path Skew:        0.022ns (DCD - SCD - CPR)
    Destination Clock Delay (DCD):    0.432ns = ( 5.432 - 5.000 ) 
    Source Clock Delay      (SCD):    0.410ns = ( 5.410 - 5.000 ) 
    Clock Pessimism Removal (CPR):    -0.000ns

    Location             Delay type                Incr(ns)  Path(ns)    Netlist Resource(s)
  -------------------------------------------------------------------    -------------------
                         (clock PL_clk_125 fall edge)
                                                      5.000     5.000 f  
                                                      0.000     5.000 f  clk (IN)
                         net (fo=248, unset)          0.410     5.410    Multiplier_logic/LUT_A/clk
    SLICE_X15Y29         FDCE                                         r  Multiplier_logic/LUT_A/LUT_reg[4][1]/C  (IS_INVERTED)
  -------------------------------------------------------------------    -------------------
    SLICE_X15Y29         FDCE (Prop_fdce_C_Q)         0.146     5.556 r  Multiplier_logic/LUT_A/LUT_reg[4][1]/Q
                         net (fo=2, routed)           0.114     5.670    Multiplier_logic/LUT_A/LUT_reg[4][1]
    SLICE_X15Y29         LUT6 (Prop_lut6_I5_O)        0.045     5.715 r  Multiplier_logic/LUT_A/LUT[4][1]_i_1/O
                         net (fo=1, routed)           0.000     5.715    Multiplier_logic/LUT_A/LUT[4][1]_i_1_n_0
    SLICE_X15Y29         FDCE                                         r  Multiplier_logic/LUT_A/LUT_reg[4][1]/D
  -------------------------------------------------------------------    -------------------

                         (clock PL_clk_125 fall edge)
                                                      5.000     5.000 f  
                                                      0.000     5.000 f  clk (IN)
                         net (fo=248, unset)          0.432     5.432    Multiplier_logic/LUT_A/clk
    SLICE_X15Y29         FDCE                                         r  Multiplier_logic/LUT_A/LUT_reg[4][1]/C  (IS_INVERTED)
                         clock pessimism              0.000     5.432    
    SLICE_X15Y29         FDCE (Hold_fdce_C_D)         0.098     5.530    Multiplier_logic/LUT_A/LUT_reg[4][1]
  -------------------------------------------------------------------
                         required time                         -5.530    
                         arrival time                           5.715    
  -------------------------------------------------------------------
                         slack                                  0.186    

Slack (MET) :             0.191ns  (arrival time - required time)
  Source:                 Multiplier_logic/LUT_A/LUT_reg[6][2]/C
                            (falling edge-triggered cell FDCE clocked by PL_clk_125  {rise@0.000ns fall@5.000ns period=10.000ns})
  Destination:            Multiplier_logic/LUT_A/LUT_reg[6][2]/D
                            (falling edge-triggered cell FDCE clocked by PL_clk_125  {rise@0.000ns fall@5.000ns period=10.000ns})
  Path Group:             PL_clk_125
  Path Type:              Hold (Min at Fast Process Corner)
  Requirement:            0.000ns  (PL_clk_125 fall@5.000ns - PL_clk_125 fall@5.000ns)
  Data Path Delay:        0.312ns  (logic 0.191ns (61.245%)  route 0.121ns (38.755%))
  Logic Levels:           1  (LUT6=1)
  Clock Path Skew:        0.022ns (DCD - SCD - CPR)
    Destination Clock Delay (DCD):    0.432ns = ( 5.432 - 5.000 ) 
    Source Clock Delay      (SCD):    0.410ns = ( 5.410 - 5.000 ) 
    Clock Pessimism Removal (CPR):    -0.000ns

    Location             Delay type                Incr(ns)  Path(ns)    Netlist Resource(s)
  -------------------------------------------------------------------    -------------------
                         (clock PL_clk_125 fall edge)
                                                      5.000     5.000 f  
                                                      0.000     5.000 f  clk (IN)
                         net (fo=248, unset)          0.410     5.410    Multiplier_logic/LUT_A/clk
    SLICE_X13Y30         FDCE                                         r  Multiplier_logic/LUT_A/LUT_reg[6][2]/C  (IS_INVERTED)
  -------------------------------------------------------------------    -------------------
    SLICE_X13Y30         FDCE (Prop_fdce_C_Q)         0.146     5.556 r  Multiplier_logic/LUT_A/LUT_reg[6][2]/Q
                         net (fo=2, routed)           0.121     5.677    Multiplier_logic/LUT_A/LUT_reg[6][2]
    SLICE_X13Y30         LUT6 (Prop_lut6_I5_O)        0.045     5.722 r  Multiplier_logic/LUT_A/LUT[6][2]_i_1/O
                         net (fo=1, routed)           0.000     5.722    Multiplier_logic/LUT_A/LUT[6][2]_i_1_n_0
    SLICE_X13Y30         FDCE                                         r  Multiplier_logic/LUT_A/LUT_reg[6][2]/D
  -------------------------------------------------------------------    -------------------

                         (clock PL_clk_125 fall edge)
                                                      5.000     5.000 f  
                                                      0.000     5.000 f  clk (IN)
                         net (fo=248, unset)          0.432     5.432    Multiplier_logic/LUT_A/clk
    SLICE_X13Y30         FDCE                                         r  Multiplier_logic/LUT_A/LUT_reg[6][2]/C  (IS_INVERTED)
                         clock pessimism              0.000     5.432    
    SLICE_X13Y30         FDCE (Hold_fdce_C_D)         0.099     5.531    Multiplier_logic/LUT_A/LUT_reg[6][2]
  -------------------------------------------------------------------
                         required time                         -5.531    
                         arrival time                           5.722    
  -------------------------------------------------------------------
                         slack                                  0.191    

Slack (MET) :             0.191ns  (arrival time - required time)
  Source:                 Multiplier_logic/LUT_B/LUT_reg[8][2]/C
                            (falling edge-triggered cell FDCE clocked by PL_clk_125  {rise@0.000ns fall@5.000ns period=10.000ns})
  Destination:            Multiplier_logic/LUT_B/LUT_reg[8][2]/D
                            (falling edge-triggered cell FDCE clocked by PL_clk_125  {rise@0.000ns fall@5.000ns period=10.000ns})
  Path Group:             PL_clk_125
  Path Type:              Hold (Min at Fast Process Corner)
  Requirement:            0.000ns  (PL_clk_125 fall@5.000ns - PL_clk_125 fall@5.000ns)
  Data Path Delay:        0.338ns  (logic 0.212ns (62.748%)  route 0.126ns (37.252%))
  Logic Levels:           1  (LUT6=1)
  Clock Path Skew:        0.022ns (DCD - SCD - CPR)
    Destination Clock Delay (DCD):    0.432ns = ( 5.432 - 5.000 ) 
    Source Clock Delay      (SCD):    0.410ns = ( 5.410 - 5.000 ) 
    Clock Pessimism Removal (CPR):    -0.000ns

    Location             Delay type                Incr(ns)  Path(ns)    Netlist Resource(s)
  -------------------------------------------------------------------    -------------------
                         (clock PL_clk_125 fall edge)
                                                      5.000     5.000 f  
                                                      0.000     5.000 f  clk (IN)
                         net (fo=248, unset)          0.410     5.410    Multiplier_logic/LUT_B/clk
    SLICE_X16Y28         FDCE                                         r  Multiplier_logic/LUT_B/LUT_reg[8][2]/C  (IS_INVERTED)
  -------------------------------------------------------------------    -------------------
    SLICE_X16Y28         FDCE (Prop_fdce_C_Q)         0.167     5.577 r  Multiplier_logic/LUT_B/LUT_reg[8][2]/Q
                         net (fo=2, routed)           0.126     5.703    Multiplier_logic/LUT_B/LUT_reg_n_0_[8][2]
    SLICE_X16Y28         LUT6 (Prop_lut6_I5_O)        0.045     5.748 r  Multiplier_logic/LUT_B/LUT[8][2]_i_1/O
                         net (fo=1, routed)           0.000     5.748    Multiplier_logic/LUT_B/LUT[8][2]_i_1_n_0
    SLICE_X16Y28         FDCE                                         r  Multiplier_logic/LUT_B/LUT_reg[8][2]/D
  -------------------------------------------------------------------    -------------------

                         (clock PL_clk_125 fall edge)
                                                      5.000     5.000 f  
                                                      0.000     5.000 f  clk (IN)
                         net (fo=248, unset)          0.432     5.432    Multiplier_logic/LUT_B/clk
    SLICE_X16Y28         FDCE                                         r  Multiplier_logic/LUT_B/LUT_reg[8][2]/C  (IS_INVERTED)
                         clock pessimism              0.000     5.432    
    SLICE_X16Y28         FDCE (Hold_fdce_C_D)         0.125     5.557    Multiplier_logic/LUT_B/LUT_reg[8][2]
  -------------------------------------------------------------------
                         required time                         -5.557    
                         arrival time                           5.748    
  -------------------------------------------------------------------
                         slack                                  0.191    

Slack (MET) :             0.192ns  (arrival time - required time)
  Source:                 Multiplier_logic/LUT_A/LUT_reg[5][1]/C
                            (falling edge-triggered cell FDCE clocked by PL_clk_125  {rise@0.000ns fall@5.000ns period=10.000ns})
  Destination:            Multiplier_logic/LUT_A/LUT_reg[5][1]/D
                            (falling edge-triggered cell FDCE clocked by PL_clk_125  {rise@0.000ns fall@5.000ns period=10.000ns})
  Path Group:             PL_clk_125
  Path Type:              Hold (Min at Fast Process Corner)
  Requirement:            0.000ns  (PL_clk_125 fall@5.000ns - PL_clk_125 fall@5.000ns)
  Data Path Delay:        0.313ns  (logic 0.191ns (61.049%)  route 0.122ns (38.951%))
  Logic Levels:           1  (LUT6=1)
  Clock Path Skew:        0.022ns (DCD - SCD - CPR)
    Destination Clock Delay (DCD):    0.432ns = ( 5.432 - 5.000 ) 
    Source Clock Delay      (SCD):    0.410ns = ( 5.410 - 5.000 ) 
    Clock Pessimism Removal (CPR):    -0.000ns

    Location             Delay type                Incr(ns)  Path(ns)    Netlist Resource(s)
  -------------------------------------------------------------------    -------------------
                         (clock PL_clk_125 fall edge)
                                                      5.000     5.000 f  
                                                      0.000     5.000 f  clk (IN)
                         net (fo=248, unset)          0.410     5.410    Multiplier_logic/LUT_A/clk
    SLICE_X15Y29         FDCE                                         r  Multiplier_logic/LUT_A/LUT_reg[5][1]/C  (IS_INVERTED)
  -------------------------------------------------------------------    -------------------
    SLICE_X15Y29         FDCE (Prop_fdce_C_Q)         0.146     5.556 r  Multiplier_logic/LUT_A/LUT_reg[5][1]/Q
                         net (fo=2, routed)           0.122     5.678    Multiplier_logic/LUT_A/LUT_reg[5][1]
    SLICE_X15Y29         LUT6 (Prop_lut6_I5_O)        0.045     5.723 r  Multiplier_logic/LUT_A/LUT[5][1]_i_1/O
                         net (fo=1, routed)           0.000     5.723    Multiplier_logic/LUT_A/LUT[5][1]_i_1_n_0
    SLICE_X15Y29         FDCE                                         r  Multiplier_logic/LUT_A/LUT_reg[5][1]/D
  -------------------------------------------------------------------    -------------------

                         (clock PL_clk_125 fall edge)
                                                      5.000     5.000 f  
                                                      0.000     5.000 f  clk (IN)
                         net (fo=248, unset)          0.432     5.432    Multiplier_logic/LUT_A/clk
    SLICE_X15Y29         FDCE                                         r  Multiplier_logic/LUT_A/LUT_reg[5][1]/C  (IS_INVERTED)
                         clock pessimism              0.000     5.432    
    SLICE_X15Y29         FDCE (Hold_fdce_C_D)         0.099     5.531    Multiplier_logic/LUT_A/LUT_reg[5][1]
  -------------------------------------------------------------------
                         required time                         -5.531    
                         arrival time                           5.723    
  -------------------------------------------------------------------
                         slack                                  0.192    

Slack (MET) :             0.192ns  (arrival time - required time)
  Source:                 Multiplier_logic/LUT_A/LUT_reg[8][1]/C
                            (falling edge-triggered cell FDCE clocked by PL_clk_125  {rise@0.000ns fall@5.000ns period=10.000ns})
  Destination:            Multiplier_logic/LUT_A/LUT_reg[8][1]/D
                            (falling edge-triggered cell FDCE clocked by PL_clk_125  {rise@0.000ns fall@5.000ns period=10.000ns})
  Path Group:             PL_clk_125
  Path Type:              Hold (Min at Fast Process Corner)
  Requirement:            0.000ns  (PL_clk_125 fall@5.000ns - PL_clk_125 fall@5.000ns)
  Data Path Delay:        0.313ns  (logic 0.191ns (61.049%)  route 0.122ns (38.951%))
  Logic Levels:           1  (LUT6=1)
  Clock Path Skew:        0.022ns (DCD - SCD - CPR)
    Destination Clock Delay (DCD):    0.432ns = ( 5.432 - 5.000 ) 
    Source Clock Delay      (SCD):    0.410ns = ( 5.410 - 5.000 ) 
    Clock Pessimism Removal (CPR):    -0.000ns

    Location             Delay type                Incr(ns)  Path(ns)    Netlist Resource(s)
  -------------------------------------------------------------------    -------------------
                         (clock PL_clk_125 fall edge)
                                                      5.000     5.000 f  
                                                      0.000     5.000 f  clk (IN)
                         net (fo=248, unset)          0.410     5.410    Multiplier_logic/LUT_A/clk
    SLICE_X15Y30         FDCE                                         r  Multiplier_logic/LUT_A/LUT_reg[8][1]/C  (IS_INVERTED)
  -------------------------------------------------------------------    -------------------
    SLICE_X15Y30         FDCE (Prop_fdce_C_Q)         0.146     5.556 r  Multiplier_logic/LUT_A/LUT_reg[8][1]/Q
                         net (fo=2, routed)           0.122     5.678    Multiplier_logic/LUT_A/LUT_reg[8][1]
    SLICE_X15Y30         LUT6 (Prop_lut6_I5_O)        0.045     5.723 r  Multiplier_logic/LUT_A/LUT[8][1]_i_1/O
                         net (fo=1, routed)           0.000     5.723    Multiplier_logic/LUT_A/LUT[8][1]_i_1_n_0
    SLICE_X15Y30         FDCE                                         r  Multiplier_logic/LUT_A/LUT_reg[8][1]/D
  -------------------------------------------------------------------    -------------------

                         (clock PL_clk_125 fall edge)
                                                      5.000     5.000 f  
                                                      0.000     5.000 f  clk (IN)
                         net (fo=248, unset)          0.432     5.432    Multiplier_logic/LUT_A/clk
    SLICE_X15Y30         FDCE                                         r  Multiplier_logic/LUT_A/LUT_reg[8][1]/C  (IS_INVERTED)
                         clock pessimism              0.000     5.432    
    SLICE_X15Y30         FDCE (Hold_fdce_C_D)         0.099     5.531    Multiplier_logic/LUT_A/LUT_reg[8][1]
  -------------------------------------------------------------------
                         required time                         -5.531    
                         arrival time                           5.723    
  -------------------------------------------------------------------
                         slack                                  0.192    

Slack (MET) :             0.192ns  (arrival time - required time)
  Source:                 Multiplier_logic/LUT_B/LUT_reg[8][0]/C
                            (falling edge-triggered cell FDCE clocked by PL_clk_125  {rise@0.000ns fall@5.000ns period=10.000ns})
  Destination:            Multiplier_logic/LUT_B/LUT_reg[8][0]/D
                            (falling edge-triggered cell FDCE clocked by PL_clk_125  {rise@0.000ns fall@5.000ns period=10.000ns})
  Path Group:             PL_clk_125
  Path Type:              Hold (Min at Fast Process Corner)
  Requirement:            0.000ns  (PL_clk_125 fall@5.000ns - PL_clk_125 fall@5.000ns)
  Data Path Delay:        0.313ns  (logic 0.191ns (61.049%)  route 0.122ns (38.951%))
  Logic Levels:           1  (LUT6=1)
  Clock Path Skew:        0.022ns (DCD - SCD - CPR)
    Destination Clock Delay (DCD):    0.432ns = ( 5.432 - 5.000 ) 
    Source Clock Delay      (SCD):    0.410ns = ( 5.410 - 5.000 ) 
    Clock Pessimism Removal (CPR):    -0.000ns

    Location             Delay type                Incr(ns)  Path(ns)    Netlist Resource(s)
  -------------------------------------------------------------------    -------------------
                         (clock PL_clk_125 fall edge)
                                                      5.000     5.000 f  
                                                      0.000     5.000 f  clk (IN)
                         net (fo=248, unset)          0.410     5.410    Multiplier_logic/LUT_B/clk
    SLICE_X17Y29         FDCE                                         r  Multiplier_logic/LUT_B/LUT_reg[8][0]/C  (IS_INVERTED)
  -------------------------------------------------------------------    -------------------
    SLICE_X17Y29         FDCE (Prop_fdce_C_Q)         0.146     5.556 r  Multiplier_logic/LUT_B/LUT_reg[8][0]/Q
                         net (fo=2, routed)           0.122     5.678    Multiplier_logic/LUT_B/LUT_reg_n_0_[8][0]
    SLICE_X17Y29         LUT6 (Prop_lut6_I5_O)        0.045     5.723 r  Multiplier_logic/LUT_B/LUT[8][0]_i_1/O
                         net (fo=1, routed)           0.000     5.723    Multiplier_logic/LUT_B/LUT[8][0]_i_1_n_0
    SLICE_X17Y29         FDCE                                         r  Multiplier_logic/LUT_B/LUT_reg[8][0]/D
  -------------------------------------------------------------------    -------------------

                         (clock PL_clk_125 fall edge)
                                                      5.000     5.000 f  
                                                      0.000     5.000 f  clk (IN)
                         net (fo=248, unset)          0.432     5.432    Multiplier_logic/LUT_B/clk
    SLICE_X17Y29         FDCE                                         r  Multiplier_logic/LUT_B/LUT_reg[8][0]/C  (IS_INVERTED)
                         clock pessimism              0.000     5.432    
    SLICE_X17Y29         FDCE (Hold_fdce_C_D)         0.099     5.531    Multiplier_logic/LUT_B/LUT_reg[8][0]
  -------------------------------------------------------------------
                         required time                         -5.531    
                         arrival time                           5.723    
  -------------------------------------------------------------------
                         slack                                  0.192    

Slack (MET) :             0.209ns  (arrival time - required time)
  Source:                 Multiplier_logic/dot_product_reg[8]/C
                            (falling edge-triggered cell FDRE clocked by PL_clk_125  {rise@0.000ns fall@5.000ns period=10.000ns})
  Destination:            Multiplier_logic/LUT_C/LUT_reg[7][8]/D
                            (falling edge-triggered cell FDCE clocked by PL_clk_125  {rise@0.000ns fall@5.000ns period=10.000ns})
  Path Group:             PL_clk_125
  Path Type:              Hold (Min at Fast Process Corner)
  Requirement:            0.000ns  (PL_clk_125 fall@5.000ns - PL_clk_125 fall@5.000ns)
  Data Path Delay:        0.298ns  (logic 0.146ns (49.020%)  route 0.152ns (50.980%))
  Logic Levels:           0  
  Clock Path Skew:        0.022ns (DCD - SCD - CPR)
    Destination Clock Delay (DCD):    0.432ns = ( 5.432 - 5.000 ) 
    Source Clock Delay      (SCD):    0.410ns = ( 5.410 - 5.000 ) 
    Clock Pessimism Removal (CPR):    -0.000ns

    Location             Delay type                Incr(ns)  Path(ns)    Netlist Resource(s)
  -------------------------------------------------------------------    -------------------
                         (clock PL_clk_125 fall edge)
                                                      5.000     5.000 f  
                                                      0.000     5.000 f  clk (IN)
                         net (fo=248, unset)          0.410     5.410    Multiplier_logic/clk
    SLICE_X14Y37         FDRE                                         r  Multiplier_logic/dot_product_reg[8]/C  (IS_INVERTED)
  -------------------------------------------------------------------    -------------------
    SLICE_X14Y37         FDRE (Prop_fdre_C_Q)         0.146     5.556 r  Multiplier_logic/dot_product_reg[8]/Q
                         net (fo=10, routed)          0.152     5.708    Multiplier_logic/LUT_C/LUT_reg[7][8]_0[8]
    SLICE_X16Y36         FDCE                                         r  Multiplier_logic/LUT_C/LUT_reg[7][8]/D
  -------------------------------------------------------------------    -------------------

                         (clock PL_clk_125 fall edge)
                                                      5.000     5.000 f  
                                                      0.000     5.000 f  clk (IN)
                         net (fo=248, unset)          0.432     5.432    Multiplier_logic/LUT_C/clk
    SLICE_X16Y36         FDCE                                         r  Multiplier_logic/LUT_C/LUT_reg[7][8]/C  (IS_INVERTED)
                         clock pessimism              0.000     5.432    
    SLICE_X16Y36         FDCE (Hold_fdce_C_D)         0.067     5.499    Multiplier_logic/LUT_C/LUT_reg[7][8]
  -------------------------------------------------------------------
                         required time                         -5.499    
                         arrival time                           5.708    
  -------------------------------------------------------------------
                         slack                                  0.209    

Slack (MET) :             0.212ns  (arrival time - required time)
  Source:                 Multiplier_logic/dot_product_reg[0]/C
                            (falling edge-triggered cell FDRE clocked by PL_clk_125  {rise@0.000ns fall@5.000ns period=10.000ns})
  Destination:            Multiplier_logic/LUT_C/LUT_reg[3][0]/D
                            (falling edge-triggered cell FDCE clocked by PL_clk_125  {rise@0.000ns fall@5.000ns period=10.000ns})
  Path Group:             PL_clk_125
  Path Type:              Hold (Min at Fast Process Corner)
  Requirement:            0.000ns  (PL_clk_125 fall@5.000ns - PL_clk_125 fall@5.000ns)
  Data Path Delay:        0.311ns  (logic 0.146ns (46.983%)  route 0.165ns (53.017%))
  Logic Levels:           0  
  Clock Path Skew:        0.022ns (DCD - SCD - CPR)
    Destination Clock Delay (DCD):    0.432ns = ( 5.432 - 5.000 ) 
    Source Clock Delay      (SCD):    0.410ns = ( 5.410 - 5.000 ) 
    Clock Pessimism Removal (CPR):    -0.000ns

    Location             Delay type                Incr(ns)  Path(ns)    Netlist Resource(s)
  -------------------------------------------------------------------    -------------------
                         (clock PL_clk_125 fall edge)
                                                      5.000     5.000 f  
                                                      0.000     5.000 f  clk (IN)
                         net (fo=248, unset)          0.410     5.410    Multiplier_logic/clk
    SLICE_X14Y35         FDRE                                         r  Multiplier_logic/dot_product_reg[0]/C  (IS_INVERTED)
  -------------------------------------------------------------------    -------------------
    SLICE_X14Y35         FDRE (Prop_fdre_C_Q)         0.146     5.556 r  Multiplier_logic/dot_product_reg[0]/Q
                         net (fo=11, routed)          0.165     5.721    Multiplier_logic/LUT_C/LUT_reg[7][8]_0[0]
    SLICE_X17Y36         FDCE                                         r  Multiplier_logic/LUT_C/LUT_reg[3][0]/D
  -------------------------------------------------------------------    -------------------

                         (clock PL_clk_125 fall edge)
                                                      5.000     5.000 f  
                                                      0.000     5.000 f  clk (IN)
                         net (fo=248, unset)          0.432     5.432    Multiplier_logic/LUT_C/clk
    SLICE_X17Y36         FDCE                                         r  Multiplier_logic/LUT_C/LUT_reg[3][0]/C  (IS_INVERTED)
                         clock pessimism              0.000     5.432    
    SLICE_X17Y36         FDCE (Hold_fdce_C_D)         0.077     5.509    Multiplier_logic/LUT_C/LUT_reg[3][0]
  -------------------------------------------------------------------
                         required time                         -5.509    
                         arrival time                           5.721    
  -------------------------------------------------------------------
                         slack                                  0.212    





Pulse Width Checks
--------------------------------------------------------------------------------------
Clock Name:         PL_clk_125
Waveform(ns):       { 0.000 5.000 }
Period(ns):         10.000
Sources:            { clk }

Check Type        Corner  Lib Pin  Reference Pin  Required(ns)  Actual(ns)  Slack(ns)  Location      Pin
Min Period        n/a     FDCE/C   n/a            1.000         10.000      9.000      SLICE_X12Y29  actual_A_row_reg[0][0]/C
Min Period        n/a     FDCE/C   n/a            1.000         10.000      9.000      SLICE_X12Y29  actual_A_row_reg[0][1]/C
Min Period        n/a     FDCE/C   n/a            1.000         10.000      9.000      SLICE_X13Y29  actual_A_row_reg[0][2]/C
Min Period        n/a     FDCE/C   n/a            1.000         10.000      9.000      SLICE_X13Y29  actual_A_row_reg[1][0]/C
Min Period        n/a     FDCE/C   n/a            1.000         10.000      9.000      SLICE_X12Y29  actual_A_row_reg[1][1]/C
Min Period        n/a     FDCE/C   n/a            1.000         10.000      9.000      SLICE_X13Y29  actual_A_row_reg[1][2]/C
Min Period        n/a     FDCE/C   n/a            1.000         10.000      9.000      SLICE_X13Y29  actual_A_row_reg[2][0]/C
Min Period        n/a     FDCE/C   n/a            1.000         10.000      9.000      SLICE_X12Y29  actual_A_row_reg[2][1]/C
Min Period        n/a     FDCE/C   n/a            1.000         10.000      9.000      SLICE_X13Y29  actual_A_row_reg[2][2]/C
Min Period        n/a     FDCE/C   n/a            1.000         10.000      9.000      SLICE_X19Y33  actual_A_valid_reg/C
Low Pulse Width   Slow    FDCE/C   n/a            0.500         5.000       4.500      SLICE_X12Y29  actual_A_row_reg[0][0]/C
Low Pulse Width   Fast    FDCE/C   n/a            0.500         5.000       4.500      SLICE_X12Y29  actual_A_row_reg[0][0]/C
Low Pulse Width   Slow    FDCE/C   n/a            0.500         5.000       4.500      SLICE_X12Y29  actual_A_row_reg[0][1]/C
Low Pulse Width   Fast    FDCE/C   n/a            0.500         5.000       4.500      SLICE_X12Y29  actual_A_row_reg[0][1]/C
Low Pulse Width   Slow    FDCE/C   n/a            0.500         5.000       4.500      SLICE_X13Y29  actual_A_row_reg[0][2]/C
Low Pulse Width   Fast    FDCE/C   n/a            0.500         5.000       4.500      SLICE_X13Y29  actual_A_row_reg[0][2]/C
Low Pulse Width   Slow    FDCE/C   n/a            0.500         5.000       4.500      SLICE_X13Y29  actual_A_row_reg[1][0]/C
Low Pulse Width   Fast    FDCE/C   n/a            0.500         5.000       4.500      SLICE_X13Y29  actual_A_row_reg[1][0]/C
Low Pulse Width   Slow    FDCE/C   n/a            0.500         5.000       4.500      SLICE_X12Y29  actual_A_row_reg[1][1]/C
Low Pulse Width   Fast    FDCE/C   n/a            0.500         5.000       4.500      SLICE_X12Y29  actual_A_row_reg[1][1]/C
High Pulse Width  Slow    FDCE/C   n/a            0.500         5.000       4.500      SLICE_X12Y29  actual_A_row_reg[0][0]/C
High Pulse Width  Fast    FDCE/C   n/a            0.500         5.000       4.500      SLICE_X12Y29  actual_A_row_reg[0][0]/C
High Pulse Width  Slow    FDCE/C   n/a            0.500         5.000       4.500      SLICE_X12Y29  actual_A_row_reg[0][1]/C
High Pulse Width  Fast    FDCE/C   n/a            0.500         5.000       4.500      SLICE_X12Y29  actual_A_row_reg[0][1]/C
High Pulse Width  Slow    FDCE/C   n/a            0.500         5.000       4.500      SLICE_X13Y29  actual_A_row_reg[0][2]/C
High Pulse Width  Fast    FDCE/C   n/a            0.500         5.000       4.500      SLICE_X13Y29  actual_A_row_reg[0][2]/C
High Pulse Width  Slow    FDCE/C   n/a            0.500         5.000       4.500      SLICE_X13Y29  actual_A_row_reg[1][0]/C
High Pulse Width  Fast    FDCE/C   n/a            0.500         5.000       4.500      SLICE_X13Y29  actual_A_row_reg[1][0]/C
High Pulse Width  Slow    FDCE/C   n/a            0.500         5.000       4.500      SLICE_X12Y29  actual_A_row_reg[1][1]/C
High Pulse Width  Fast    FDCE/C   n/a            0.500         5.000       4.500      SLICE_X12Y29  actual_A_row_reg[1][1]/C



--------------------------------------------------------------------------------------
Path Group:  (none)
From Clock:  PL_clk_125
  To Clock:  

Max Delay            28 Endpoints
Min Delay            28 Endpoints
--------------------------------------------------------------------------------------


Max Delay Paths
--------------------------------------------------------------------------------------
Slack:                    inf
  Source:                 registered_C_row_reg[1][1]/C
                            (rising edge-triggered cell FDCE clocked by PL_clk_125  {rise@0.000ns fall@5.000ns period=10.000ns})
  Destination:            C_row[1][1]
                            (output port)
  Path Group:             (none)
  Path Type:              Max at Slow Process Corner
  Data Path Delay:        1.491ns  (logic 0.518ns (34.742%)  route 0.973ns (65.258%))
  Logic Levels:           0  
  Clock Uncertainty:      0.025ns  ((TSJ^2 + TIJ^2)^1/2 + DJ) / 2 + PE
    Total System Jitter     (TSJ):    0.050ns
    Total Input Jitter      (TIJ):    0.000ns
    Discrete Jitter          (DJ):    0.000ns
    Phase Error              (PE):    0.000ns

    Location             Delay type                Incr(ns)  Path(ns)    Netlist Resource(s)
  -------------------------------------------------------------------    -------------------
                         (clock PL_clk_125 rise edge)
                                                      0.000     0.000 r  
                                                      0.000     0.000 r  clk (IN)
                         net (fo=248, unset)          0.973     0.973    clk
    SLICE_X16Y34         FDCE                                         r  registered_C_row_reg[1][1]/C
  -------------------------------------------------------------------    -------------------
    SLICE_X16Y34         FDCE (Prop_fdce_C_Q)         0.518     1.491 r  registered_C_row_reg[1][1]/Q
                         net (fo=0)                   0.973     2.464    C_row[1][1]
                                                                      r  C_row[1][1] (OUT)
  -------------------------------------------------------------------    -------------------

Slack:                    inf
  Source:                 registered_C_row_reg[1][7]/C
                            (rising edge-triggered cell FDCE clocked by PL_clk_125  {rise@0.000ns fall@5.000ns period=10.000ns})
  Destination:            C_row[1][7]
                            (output port)
  Path Group:             (none)
  Path Type:              Max at Slow Process Corner
  Data Path Delay:        1.491ns  (logic 0.518ns (34.742%)  route 0.973ns (65.258%))
  Logic Levels:           0  
  Clock Uncertainty:      0.025ns  ((TSJ^2 + TIJ^2)^1/2 + DJ) / 2 + PE
    Total System Jitter     (TSJ):    0.050ns
    Total Input Jitter      (TIJ):    0.000ns
    Discrete Jitter          (DJ):    0.000ns
    Phase Error              (PE):    0.000ns

    Location             Delay type                Incr(ns)  Path(ns)    Netlist Resource(s)
  -------------------------------------------------------------------    -------------------
                         (clock PL_clk_125 rise edge)
                                                      0.000     0.000 r  
                                                      0.000     0.000 r  clk (IN)
                         net (fo=248, unset)          0.973     0.973    clk
    SLICE_X16Y34         FDCE                                         r  registered_C_row_reg[1][7]/C
  -------------------------------------------------------------------    -------------------
    SLICE_X16Y34         FDCE (Prop_fdce_C_Q)         0.518     1.491 r  registered_C_row_reg[1][7]/Q
                         net (fo=0)                   0.973     2.464    C_row[1][7]
                                                                      r  C_row[1][7] (OUT)
  -------------------------------------------------------------------    -------------------

Slack:                    inf
  Source:                 registered_C_row_reg[2][0]/C
                            (rising edge-triggered cell FDCE clocked by PL_clk_125  {rise@0.000ns fall@5.000ns period=10.000ns})
  Destination:            C_row[2][0]
                            (output port)
  Path Group:             (none)
  Path Type:              Max at Slow Process Corner
  Data Path Delay:        1.491ns  (logic 0.518ns (34.742%)  route 0.973ns (65.258%))
  Logic Levels:           0  
  Clock Uncertainty:      0.025ns  ((TSJ^2 + TIJ^2)^1/2 + DJ) / 2 + PE
    Total System Jitter     (TSJ):    0.050ns
    Total Input Jitter      (TIJ):    0.000ns
    Discrete Jitter          (DJ):    0.000ns
    Phase Error              (PE):    0.000ns

    Location             Delay type                Incr(ns)  Path(ns)    Netlist Resource(s)
  -------------------------------------------------------------------    -------------------
                         (clock PL_clk_125 rise edge)
                                                      0.000     0.000 r  
                                                      0.000     0.000 r  clk (IN)
                         net (fo=248, unset)          0.973     0.973    clk
    SLICE_X10Y32         FDCE                                         r  registered_C_row_reg[2][0]/C
  -------------------------------------------------------------------    -------------------
    SLICE_X10Y32         FDCE (Prop_fdce_C_Q)         0.518     1.491 r  registered_C_row_reg[2][0]/Q
                         net (fo=0)                   0.973     2.464    C_row[2][0]
                                                                      r  C_row[2][0] (OUT)
  -------------------------------------------------------------------    -------------------

Slack:                    inf
  Source:                 registered_C_row_reg[1][2]/C
                            (rising edge-triggered cell FDCE clocked by PL_clk_125  {rise@0.000ns fall@5.000ns period=10.000ns})
  Destination:            C_row[1][2]
                            (output port)
  Path Group:             (none)
  Path Type:              Max at Slow Process Corner
  Data Path Delay:        1.451ns  (logic 0.478ns (32.943%)  route 0.973ns (67.057%))
  Logic Levels:           0  
  Clock Uncertainty:      0.025ns  ((TSJ^2 + TIJ^2)^1/2 + DJ) / 2 + PE
    Total System Jitter     (TSJ):    0.050ns
    Total Input Jitter      (TIJ):    0.000ns
    Discrete Jitter          (DJ):    0.000ns
    Phase Error              (PE):    0.000ns

    Location             Delay type                Incr(ns)  Path(ns)    Netlist Resource(s)
  -------------------------------------------------------------------    -------------------
                         (clock PL_clk_125 rise edge)
                                                      0.000     0.000 r  
                                                      0.000     0.000 r  clk (IN)
                         net (fo=248, unset)          0.973     0.973    clk
    SLICE_X16Y34         FDCE                                         r  registered_C_row_reg[1][2]/C
  -------------------------------------------------------------------    -------------------
    SLICE_X16Y34         FDCE (Prop_fdce_C_Q)         0.478     1.451 r  registered_C_row_reg[1][2]/Q
                         net (fo=0)                   0.973     2.424    C_row[1][2]
                                                                      r  C_row[1][2] (OUT)
  -------------------------------------------------------------------    -------------------

Slack:                    inf
  Source:                 registered_C_row_reg[1][8]/C
                            (rising edge-triggered cell FDCE clocked by PL_clk_125  {rise@0.000ns fall@5.000ns period=10.000ns})
  Destination:            C_row[1][8]
                            (output port)
  Path Group:             (none)
  Path Type:              Max at Slow Process Corner
  Data Path Delay:        1.451ns  (logic 0.478ns (32.943%)  route 0.973ns (67.057%))
  Logic Levels:           0  
  Clock Uncertainty:      0.025ns  ((TSJ^2 + TIJ^2)^1/2 + DJ) / 2 + PE
    Total System Jitter     (TSJ):    0.050ns
    Total Input Jitter      (TIJ):    0.000ns
    Discrete Jitter          (DJ):    0.000ns
    Phase Error              (PE):    0.000ns

    Location             Delay type                Incr(ns)  Path(ns)    Netlist Resource(s)
  -------------------------------------------------------------------    -------------------
                         (clock PL_clk_125 rise edge)
                                                      0.000     0.000 r  
                                                      0.000     0.000 r  clk (IN)
                         net (fo=248, unset)          0.973     0.973    clk
    SLICE_X16Y34         FDCE                                         r  registered_C_row_reg[1][8]/C
  -------------------------------------------------------------------    -------------------
    SLICE_X16Y34         FDCE (Prop_fdce_C_Q)         0.478     1.451 r  registered_C_row_reg[1][8]/Q
                         net (fo=0)                   0.973     2.424    C_row[1][8]
                                                                      r  C_row[1][8] (OUT)
  -------------------------------------------------------------------    -------------------

Slack:                    inf
  Source:                 registered_C_row_reg[2][1]/C
                            (rising edge-triggered cell FDCE clocked by PL_clk_125  {rise@0.000ns fall@5.000ns period=10.000ns})
  Destination:            C_row[2][1]
                            (output port)
  Path Group:             (none)
  Path Type:              Max at Slow Process Corner
  Data Path Delay:        1.451ns  (logic 0.478ns (32.943%)  route 0.973ns (67.057%))
  Logic Levels:           0  
  Clock Uncertainty:      0.025ns  ((TSJ^2 + TIJ^2)^1/2 + DJ) / 2 + PE
    Total System Jitter     (TSJ):    0.050ns
    Total Input Jitter      (TIJ):    0.000ns
    Discrete Jitter          (DJ):    0.000ns
    Phase Error              (PE):    0.000ns

    Location             Delay type                Incr(ns)  Path(ns)    Netlist Resource(s)
  -------------------------------------------------------------------    -------------------
                         (clock PL_clk_125 rise edge)
                                                      0.000     0.000 r  
                                                      0.000     0.000 r  clk (IN)
                         net (fo=248, unset)          0.973     0.973    clk
    SLICE_X10Y32         FDCE                                         r  registered_C_row_reg[2][1]/C
  -------------------------------------------------------------------    -------------------
    SLICE_X10Y32         FDCE (Prop_fdce_C_Q)         0.478     1.451 r  registered_C_row_reg[2][1]/Q
                         net (fo=0)                   0.973     2.424    C_row[2][1]
                                                                      r  C_row[2][1] (OUT)
  -------------------------------------------------------------------    -------------------

Slack:                    inf
  Source:                 registered_C_row_reg[0][0]/C
                            (rising edge-triggered cell FDCE clocked by PL_clk_125  {rise@0.000ns fall@5.000ns period=10.000ns})
  Destination:            C_row[0][0]
                            (output port)
  Path Group:             (none)
  Path Type:              Max at Slow Process Corner
  Data Path Delay:        1.429ns  (logic 0.456ns (31.910%)  route 0.973ns (68.090%))
  Logic Levels:           0  
  Clock Uncertainty:      0.025ns  ((TSJ^2 + TIJ^2)^1/2 + DJ) / 2 + PE
    Total System Jitter     (TSJ):    0.050ns
    Total Input Jitter      (TIJ):    0.000ns
    Discrete Jitter          (DJ):    0.000ns
    Phase Error              (PE):    0.000ns

    Location             Delay type                Incr(ns)  Path(ns)    Netlist Resource(s)
  -------------------------------------------------------------------    -------------------
                         (clock PL_clk_125 rise edge)
                                                      0.000     0.000 r  
                                                      0.000     0.000 r  clk (IN)
                         net (fo=248, unset)          0.973     0.973    clk
    SLICE_X11Y33         FDCE                                         r  registered_C_row_reg[0][0]/C
  -------------------------------------------------------------------    -------------------
    SLICE_X11Y33         FDCE (Prop_fdce_C_Q)         0.456     1.429 r  registered_C_row_reg[0][0]/Q
                         net (fo=0)                   0.973     2.402    C_row[0][0]
                                                                      r  C_row[0][0] (OUT)
  -------------------------------------------------------------------    -------------------

Slack:                    inf
  Source:                 registered_C_row_reg[0][2]/C
                            (rising edge-triggered cell FDCE clocked by PL_clk_125  {rise@0.000ns fall@5.000ns period=10.000ns})
  Destination:            C_row[0][2]
                            (output port)
  Path Group:             (none)
  Path Type:              Max at Slow Process Corner
  Data Path Delay:        1.429ns  (logic 0.456ns (31.910%)  route 0.973ns (68.090%))
  Logic Levels:           0  
  Clock Uncertainty:      0.025ns  ((TSJ^2 + TIJ^2)^1/2 + DJ) / 2 + PE
    Total System Jitter     (TSJ):    0.050ns
    Total Input Jitter      (TIJ):    0.000ns
    Discrete Jitter          (DJ):    0.000ns
    Phase Error              (PE):    0.000ns

    Location             Delay type                Incr(ns)  Path(ns)    Netlist Resource(s)
  -------------------------------------------------------------------    -------------------
                         (clock PL_clk_125 rise edge)
                                                      0.000     0.000 r  
                                                      0.000     0.000 r  clk (IN)
                         net (fo=248, unset)          0.973     0.973    clk
    SLICE_X13Y33         FDCE                                         r  registered_C_row_reg[0][2]/C
  -------------------------------------------------------------------    -------------------
    SLICE_X13Y33         FDCE (Prop_fdce_C_Q)         0.456     1.429 r  registered_C_row_reg[0][2]/Q
                         net (fo=0)                   0.973     2.402    C_row[0][2]
                                                                      r  C_row[0][2] (OUT)
  -------------------------------------------------------------------    -------------------

Slack:                    inf
  Source:                 registered_C_row_reg[0][4]/C
                            (rising edge-triggered cell FDCE clocked by PL_clk_125  {rise@0.000ns fall@5.000ns period=10.000ns})
  Destination:            C_row[0][4]
                            (output port)
  Path Group:             (none)
  Path Type:              Max at Slow Process Corner
  Data Path Delay:        1.429ns  (logic 0.456ns (31.910%)  route 0.973ns (68.090%))
  Logic Levels:           0  
  Clock Uncertainty:      0.025ns  ((TSJ^2 + TIJ^2)^1/2 + DJ) / 2 + PE
    Total System Jitter     (TSJ):    0.050ns
    Total Input Jitter      (TIJ):    0.000ns
    Discrete Jitter          (DJ):    0.000ns
    Phase Error              (PE):    0.000ns

    Location             Delay type                Incr(ns)  Path(ns)    Netlist Resource(s)
  -------------------------------------------------------------------    -------------------
                         (clock PL_clk_125 rise edge)
                                                      0.000     0.000 r  
                                                      0.000     0.000 r  clk (IN)
                         net (fo=248, unset)          0.973     0.973    clk
    SLICE_X11Y33         FDCE                                         r  registered_C_row_reg[0][4]/C
  -------------------------------------------------------------------    -------------------
    SLICE_X11Y33         FDCE (Prop_fdce_C_Q)         0.456     1.429 r  registered_C_row_reg[0][4]/Q
                         net (fo=0)                   0.973     2.402    C_row[0][4]
                                                                      r  C_row[0][4] (OUT)
  -------------------------------------------------------------------    -------------------

Slack:                    inf
  Source:                 registered_C_row_reg[0][6]/C
                            (rising edge-triggered cell FDCE clocked by PL_clk_125  {rise@0.000ns fall@5.000ns period=10.000ns})
  Destination:            C_row[0][6]
                            (output port)
  Path Group:             (none)
  Path Type:              Max at Slow Process Corner
  Data Path Delay:        1.429ns  (logic 0.456ns (31.910%)  route 0.973ns (68.090%))
  Logic Levels:           0  
  Clock Uncertainty:      0.025ns  ((TSJ^2 + TIJ^2)^1/2 + DJ) / 2 + PE
    Total System Jitter     (TSJ):    0.050ns
    Total Input Jitter      (TIJ):    0.000ns
    Discrete Jitter          (DJ):    0.000ns
    Phase Error              (PE):    0.000ns

    Location             Delay type                Incr(ns)  Path(ns)    Netlist Resource(s)
  -------------------------------------------------------------------    -------------------
                         (clock PL_clk_125 rise edge)
                                                      0.000     0.000 r  
                                                      0.000     0.000 r  clk (IN)
                         net (fo=248, unset)          0.973     0.973    clk
    SLICE_X13Y33         FDCE                                         r  registered_C_row_reg[0][6]/C
  -------------------------------------------------------------------    -------------------
    SLICE_X13Y33         FDCE (Prop_fdce_C_Q)         0.456     1.429 r  registered_C_row_reg[0][6]/Q
                         net (fo=0)                   0.973     2.402    C_row[0][6]
                                                                      r  C_row[0][6] (OUT)
  -------------------------------------------------------------------    -------------------





Min Delay Paths
--------------------------------------------------------------------------------------
Slack:                    inf
  Source:                 registered_C_row_reg[0][1]/C
                            (rising edge-triggered cell FDCE clocked by PL_clk_125  {rise@0.000ns fall@5.000ns period=10.000ns})
  Destination:            C_row[0][1]
                            (output port)
  Path Group:             (none)
  Path Type:              Min at Fast Process Corner
  Data Path Delay:        0.538ns  (logic 0.128ns (23.786%)  route 0.410ns (76.214%))
  Logic Levels:           0  
  Clock Uncertainty:      0.025ns  ((TSJ^2 + TIJ^2)^1/2 + DJ) / 2 + PE
    Total System Jitter     (TSJ):    0.050ns
    Total Input Jitter      (TIJ):    0.000ns
    Discrete Jitter          (DJ):    0.000ns
    Phase Error              (PE):    0.000ns

    Location             Delay type                Incr(ns)  Path(ns)    Netlist Resource(s)
  -------------------------------------------------------------------    -------------------
                         (clock PL_clk_125 rise edge)
                                                      0.000     0.000 r  
                                                      0.000     0.000 r  clk (IN)
                         net (fo=248, unset)          0.410     0.410    clk
    SLICE_X11Y33         FDCE                                         r  registered_C_row_reg[0][1]/C
  -------------------------------------------------------------------    -------------------
    SLICE_X11Y33         FDCE (Prop_fdce_C_Q)         0.128     0.538 r  registered_C_row_reg[0][1]/Q
                         net (fo=0)                   0.410     0.948    C_row[0][1]
                                                                      r  C_row[0][1] (OUT)
  -------------------------------------------------------------------    -------------------

Slack:                    inf
  Source:                 registered_C_row_reg[0][3]/C
                            (rising edge-triggered cell FDCE clocked by PL_clk_125  {rise@0.000ns fall@5.000ns period=10.000ns})
  Destination:            C_row[0][3]
                            (output port)
  Path Group:             (none)
  Path Type:              Min at Fast Process Corner
  Data Path Delay:        0.538ns  (logic 0.128ns (23.786%)  route 0.410ns (76.214%))
  Logic Levels:           0  
  Clock Uncertainty:      0.025ns  ((TSJ^2 + TIJ^2)^1/2 + DJ) / 2 + PE
    Total System Jitter     (TSJ):    0.050ns
    Total Input Jitter      (TIJ):    0.000ns
    Discrete Jitter          (DJ):    0.000ns
    Phase Error              (PE):    0.000ns

    Location             Delay type                Incr(ns)  Path(ns)    Netlist Resource(s)
  -------------------------------------------------------------------    -------------------
                         (clock PL_clk_125 rise edge)
                                                      0.000     0.000 r  
                                                      0.000     0.000 r  clk (IN)
                         net (fo=248, unset)          0.410     0.410    clk
    SLICE_X13Y33         FDCE                                         r  registered_C_row_reg[0][3]/C
  -------------------------------------------------------------------    -------------------
    SLICE_X13Y33         FDCE (Prop_fdce_C_Q)         0.128     0.538 r  registered_C_row_reg[0][3]/Q
                         net (fo=0)                   0.410     0.948    C_row[0][3]
                                                                      r  C_row[0][3] (OUT)
  -------------------------------------------------------------------    -------------------

Slack:                    inf
  Source:                 registered_C_row_reg[0][5]/C
                            (rising edge-triggered cell FDCE clocked by PL_clk_125  {rise@0.000ns fall@5.000ns period=10.000ns})
  Destination:            C_row[0][5]
                            (output port)
  Path Group:             (none)
  Path Type:              Min at Fast Process Corner
  Data Path Delay:        0.538ns  (logic 0.128ns (23.786%)  route 0.410ns (76.214%))
  Logic Levels:           0  
  Clock Uncertainty:      0.025ns  ((TSJ^2 + TIJ^2)^1/2 + DJ) / 2 + PE
    Total System Jitter     (TSJ):    0.050ns
    Total Input Jitter      (TIJ):    0.000ns
    Discrete Jitter          (DJ):    0.000ns
    Phase Error              (PE):    0.000ns

    Location             Delay type                Incr(ns)  Path(ns)    Netlist Resource(s)
  -------------------------------------------------------------------    -------------------
                         (clock PL_clk_125 rise edge)
                                                      0.000     0.000 r  
                                                      0.000     0.000 r  clk (IN)
                         net (fo=248, unset)          0.410     0.410    clk
    SLICE_X11Y33         FDCE                                         r  registered_C_row_reg[0][5]/C
  -------------------------------------------------------------------    -------------------
    SLICE_X11Y33         FDCE (Prop_fdce_C_Q)         0.128     0.538 r  registered_C_row_reg[0][5]/Q
                         net (fo=0)                   0.410     0.948    C_row[0][5]
                                                                      r  C_row[0][5] (OUT)
  -------------------------------------------------------------------    -------------------

Slack:                    inf
  Source:                 registered_C_row_reg[0][7]/C
                            (rising edge-triggered cell FDCE clocked by PL_clk_125  {rise@0.000ns fall@5.000ns period=10.000ns})
  Destination:            C_row[0][7]
                            (output port)
  Path Group:             (none)
  Path Type:              Min at Fast Process Corner
  Data Path Delay:        0.538ns  (logic 0.128ns (23.786%)  route 0.410ns (76.214%))
  Logic Levels:           0  
  Clock Uncertainty:      0.025ns  ((TSJ^2 + TIJ^2)^1/2 + DJ) / 2 + PE
    Total System Jitter     (TSJ):    0.050ns
    Total Input Jitter      (TIJ):    0.000ns
    Discrete Jitter          (DJ):    0.000ns
    Phase Error              (PE):    0.000ns

    Location             Delay type                Incr(ns)  Path(ns)    Netlist Resource(s)
  -------------------------------------------------------------------    -------------------
                         (clock PL_clk_125 rise edge)
                                                      0.000     0.000 r  
                                                      0.000     0.000 r  clk (IN)
                         net (fo=248, unset)          0.410     0.410    clk
    SLICE_X13Y33         FDCE                                         r  registered_C_row_reg[0][7]/C
  -------------------------------------------------------------------    -------------------
    SLICE_X13Y33         FDCE (Prop_fdce_C_Q)         0.128     0.538 r  registered_C_row_reg[0][7]/Q
                         net (fo=0)                   0.410     0.948    C_row[0][7]
                                                                      r  C_row[0][7] (OUT)
  -------------------------------------------------------------------    -------------------

Slack:                    inf
  Source:                 registered_C_row_reg[1][4]/C
                            (rising edge-triggered cell FDCE clocked by PL_clk_125  {rise@0.000ns fall@5.000ns period=10.000ns})
  Destination:            C_row[1][4]
                            (output port)
  Path Group:             (none)
  Path Type:              Min at Fast Process Corner
  Data Path Delay:        0.538ns  (logic 0.128ns (23.786%)  route 0.410ns (76.214%))
  Logic Levels:           0  
  Clock Uncertainty:      0.025ns  ((TSJ^2 + TIJ^2)^1/2 + DJ) / 2 + PE
    Total System Jitter     (TSJ):    0.050ns
    Total Input Jitter      (TIJ):    0.000ns
    Discrete Jitter          (DJ):    0.000ns
    Phase Error              (PE):    0.000ns

    Location             Delay type                Incr(ns)  Path(ns)    Netlist Resource(s)
  -------------------------------------------------------------------    -------------------
                         (clock PL_clk_125 rise edge)
                                                      0.000     0.000 r  
                                                      0.000     0.000 r  clk (IN)
                         net (fo=248, unset)          0.410     0.410    clk
    SLICE_X11Y33         FDCE                                         r  registered_C_row_reg[1][4]/C
  -------------------------------------------------------------------    -------------------
    SLICE_X11Y33         FDCE (Prop_fdce_C_Q)         0.128     0.538 r  registered_C_row_reg[1][4]/Q
                         net (fo=0)                   0.410     0.948    C_row[1][4]
                                                                      r  C_row[1][4] (OUT)
  -------------------------------------------------------------------    -------------------

Slack:                    inf
  Source:                 registered_C_row_reg[1][6]/C
                            (rising edge-triggered cell FDCE clocked by PL_clk_125  {rise@0.000ns fall@5.000ns period=10.000ns})
  Destination:            C_row[1][6]
                            (output port)
  Path Group:             (none)
  Path Type:              Min at Fast Process Corner
  Data Path Delay:        0.538ns  (logic 0.128ns (23.786%)  route 0.410ns (76.214%))
  Logic Levels:           0  
  Clock Uncertainty:      0.025ns  ((TSJ^2 + TIJ^2)^1/2 + DJ) / 2 + PE
    Total System Jitter     (TSJ):    0.050ns
    Total Input Jitter      (TIJ):    0.000ns
    Discrete Jitter          (DJ):    0.000ns
    Phase Error              (PE):    0.000ns

    Location             Delay type                Incr(ns)  Path(ns)    Netlist Resource(s)
  -------------------------------------------------------------------    -------------------
                         (clock PL_clk_125 rise edge)
                                                      0.000     0.000 r  
                                                      0.000     0.000 r  clk (IN)
                         net (fo=248, unset)          0.410     0.410    clk
    SLICE_X15Y32         FDCE                                         r  registered_C_row_reg[1][6]/C
  -------------------------------------------------------------------    -------------------
    SLICE_X15Y32         FDCE (Prop_fdce_C_Q)         0.128     0.538 r  registered_C_row_reg[1][6]/Q
                         net (fo=0)                   0.410     0.948    C_row[1][6]
                                                                      r  C_row[1][6] (OUT)
  -------------------------------------------------------------------    -------------------

Slack:                    inf
  Source:                 registered_C_row_reg[2][3]/C
                            (rising edge-triggered cell FDCE clocked by PL_clk_125  {rise@0.000ns fall@5.000ns period=10.000ns})
  Destination:            C_row[2][3]
                            (output port)
  Path Group:             (none)
  Path Type:              Min at Fast Process Corner
  Data Path Delay:        0.538ns  (logic 0.128ns (23.786%)  route 0.410ns (76.214%))
  Logic Levels:           0  
  Clock Uncertainty:      0.025ns  ((TSJ^2 + TIJ^2)^1/2 + DJ) / 2 + PE
    Total System Jitter     (TSJ):    0.050ns
    Total Input Jitter      (TIJ):    0.000ns
    Discrete Jitter          (DJ):    0.000ns
    Phase Error              (PE):    0.000ns

    Location             Delay type                Incr(ns)  Path(ns)    Netlist Resource(s)
  -------------------------------------------------------------------    -------------------
                         (clock PL_clk_125 rise edge)
                                                      0.000     0.000 r  
                                                      0.000     0.000 r  clk (IN)
                         net (fo=248, unset)          0.410     0.410    clk
    SLICE_X11Y32         FDCE                                         r  registered_C_row_reg[2][3]/C
  -------------------------------------------------------------------    -------------------
    SLICE_X11Y32         FDCE (Prop_fdce_C_Q)         0.128     0.538 r  registered_C_row_reg[2][3]/Q
                         net (fo=0)                   0.410     0.948    C_row[2][3]
                                                                      r  C_row[2][3] (OUT)
  -------------------------------------------------------------------    -------------------

Slack:                    inf
  Source:                 registered_C_row_reg[2][5]/C
                            (rising edge-triggered cell FDCE clocked by PL_clk_125  {rise@0.000ns fall@5.000ns period=10.000ns})
  Destination:            C_row[2][5]
                            (output port)
  Path Group:             (none)
  Path Type:              Min at Fast Process Corner
  Data Path Delay:        0.538ns  (logic 0.128ns (23.786%)  route 0.410ns (76.214%))
  Logic Levels:           0  
  Clock Uncertainty:      0.025ns  ((TSJ^2 + TIJ^2)^1/2 + DJ) / 2 + PE
    Total System Jitter     (TSJ):    0.050ns
    Total Input Jitter      (TIJ):    0.000ns
    Discrete Jitter          (DJ):    0.000ns
    Phase Error              (PE):    0.000ns

    Location             Delay type                Incr(ns)  Path(ns)    Netlist Resource(s)
  -------------------------------------------------------------------    -------------------
                         (clock PL_clk_125 rise edge)
                                                      0.000     0.000 r  
                                                      0.000     0.000 r  clk (IN)
                         net (fo=248, unset)          0.410     0.410    clk
    SLICE_X11Y32         FDCE                                         r  registered_C_row_reg[2][5]/C
  -------------------------------------------------------------------    -------------------
    SLICE_X11Y32         FDCE (Prop_fdce_C_Q)         0.128     0.538 r  registered_C_row_reg[2][5]/Q
                         net (fo=0)                   0.410     0.948    C_row[2][5]
                                                                      r  C_row[2][5] (OUT)
  -------------------------------------------------------------------    -------------------

Slack:                    inf
  Source:                 registered_C_row_reg[2][7]/C
                            (rising edge-triggered cell FDCE clocked by PL_clk_125  {rise@0.000ns fall@5.000ns period=10.000ns})
  Destination:            C_row[2][7]
                            (output port)
  Path Group:             (none)
  Path Type:              Min at Fast Process Corner
  Data Path Delay:        0.538ns  (logic 0.128ns (23.786%)  route 0.410ns (76.214%))
  Logic Levels:           0  
  Clock Uncertainty:      0.025ns  ((TSJ^2 + TIJ^2)^1/2 + DJ) / 2 + PE
    Total System Jitter     (TSJ):    0.050ns
    Total Input Jitter      (TIJ):    0.000ns
    Discrete Jitter          (DJ):    0.000ns
    Phase Error              (PE):    0.000ns

    Location             Delay type                Incr(ns)  Path(ns)    Netlist Resource(s)
  -------------------------------------------------------------------    -------------------
                         (clock PL_clk_125 rise edge)
                                                      0.000     0.000 r  
                                                      0.000     0.000 r  clk (IN)
                         net (fo=248, unset)          0.410     0.410    clk
    SLICE_X9Y35          FDCE                                         r  registered_C_row_reg[2][7]/C
  -------------------------------------------------------------------    -------------------
    SLICE_X9Y35          FDCE (Prop_fdce_C_Q)         0.128     0.538 r  registered_C_row_reg[2][7]/Q
                         net (fo=0)                   0.410     0.948    C_row[2][7]
                                                                      r  C_row[2][7] (OUT)
  -------------------------------------------------------------------    -------------------

Slack:                    inf
  Source:                 registered_C_row_reg[2][8]/C
                            (rising edge-triggered cell FDCE clocked by PL_clk_125  {rise@0.000ns fall@5.000ns period=10.000ns})
  Destination:            C_row[2][8]
                            (output port)
  Path Group:             (none)
  Path Type:              Min at Fast Process Corner
  Data Path Delay:        0.538ns  (logic 0.128ns (23.786%)  route 0.410ns (76.214%))
  Logic Levels:           0  
  Clock Uncertainty:      0.025ns  ((TSJ^2 + TIJ^2)^1/2 + DJ) / 2 + PE
    Total System Jitter     (TSJ):    0.050ns
    Total Input Jitter      (TIJ):    0.000ns
    Discrete Jitter          (DJ):    0.000ns
    Phase Error              (PE):    0.000ns

    Location             Delay type                Incr(ns)  Path(ns)    Netlist Resource(s)
  -------------------------------------------------------------------    -------------------
                         (clock PL_clk_125 rise edge)
                                                      0.000     0.000 r  
                                                      0.000     0.000 r  clk (IN)
                         net (fo=248, unset)          0.410     0.410    clk
    SLICE_X11Y33         FDCE                                         r  registered_C_row_reg[2][8]/C
  -------------------------------------------------------------------    -------------------
    SLICE_X11Y33         FDCE (Prop_fdce_C_Q)         0.128     0.538 r  registered_C_row_reg[2][8]/Q
                         net (fo=0)                   0.410     0.948    C_row[2][8]
                                                                      r  C_row[2][8] (OUT)
  -------------------------------------------------------------------    -------------------





--------------------------------------------------------------------------------------
Path Group:  (none)
From Clock:  
  To Clock:  PL_clk_125

Max Delay           308 Endpoints
Min Delay           308 Endpoints
--------------------------------------------------------------------------------------


Max Delay Paths
--------------------------------------------------------------------------------------
Slack:                    inf
  Source:                 K_size[1]
                            (input port)
  Destination:            Multiplier_logic/col_counter_reg[0]/D
                            (falling edge-triggered cell FDCE clocked by PL_clk_125  {rise@0.000ns fall@5.000ns period=10.000ns})
  Path Group:             (none)
  Path Type:              Setup (Max at Slow Process Corner)
  Data Path Delay:        4.639ns  (logic 0.722ns (15.563%)  route 3.917ns (84.437%))
  Logic Levels:           4  (LUT4=2 LUT5=1 LUT6=1)
  Clock Path Skew:        0.924ns (DCD - SCD + CPR)
    Destination Clock Delay (DCD):    0.924ns = ( 5.924 - 5.000 ) 
    Source Clock Delay      (SCD):    0.000ns
    Clock Pessimism Removal (CPR):    0.000ns

    Location             Delay type                Incr(ns)  Path(ns)    Netlist Resource(s)
  -------------------------------------------------------------------    -------------------
                                                      0.000     0.000 r  K_size[1] (IN)
                         net (fo=21, unset)           0.973     0.973    Multiplier_logic/K_size[1]
    SLICE_X20Y30         LUT5 (Prop_lut5_I3_O)        0.124     1.097 f  Multiplier_logic/offset[3]_i_6/O
                         net (fo=1, routed)           0.807     1.904    Multiplier_logic/offset[3]_i_6_n_0
    SLICE_X19Y30         LUT4 (Prop_lut4_I0_O)        0.124     2.028 f  Multiplier_logic/offset[3]_i_3/O
                         net (fo=2, routed)           1.104     3.132    Multiplier_logic/offset[3]_i_3_n_0
    SLICE_X20Y33         LUT4 (Prop_lut4_I0_O)        0.146     3.278 r  Multiplier_logic/col_counter[3]_i_6/O
                         net (fo=4, routed)           1.033     4.311    Multiplier_logic/col_counter[3]_i_6_n_0
    SLICE_X20Y32         LUT6 (Prop_lut6_I0_O)        0.328     4.639 r  Multiplier_logic/col_counter[0]_i_1/O
                         net (fo=1, routed)           0.000     4.639    Multiplier_logic/col_counter[0]_i_1_n_0
    SLICE_X20Y32         FDCE                                         r  Multiplier_logic/col_counter_reg[0]/D
  -------------------------------------------------------------------    -------------------

                         (clock PL_clk_125 fall edge)
                                                      5.000     5.000 f  
                                                      0.000     5.000 f  clk (IN)
                         net (fo=248, unset)          0.924     5.924    Multiplier_logic/clk
    SLICE_X20Y32         FDCE                                         r  Multiplier_logic/col_counter_reg[0]/C  (IS_INVERTED)

Slack:                    inf
  Source:                 K_size[1]
                            (input port)
  Destination:            Multiplier_logic/col_counter_reg[3]/D
                            (falling edge-triggered cell FDCE clocked by PL_clk_125  {rise@0.000ns fall@5.000ns period=10.000ns})
  Path Group:             (none)
  Path Type:              Setup (Max at Slow Process Corner)
  Data Path Delay:        4.625ns  (logic 0.722ns (15.610%)  route 3.903ns (84.390%))
  Logic Levels:           4  (LUT4=2 LUT5=1 LUT6=1)
  Clock Path Skew:        0.924ns (DCD - SCD + CPR)
    Destination Clock Delay (DCD):    0.924ns = ( 5.924 - 5.000 ) 
    Source Clock Delay      (SCD):    0.000ns
    Clock Pessimism Removal (CPR):    0.000ns

    Location             Delay type                Incr(ns)  Path(ns)    Netlist Resource(s)
  -------------------------------------------------------------------    -------------------
                                                      0.000     0.000 r  K_size[1] (IN)
                         net (fo=21, unset)           0.973     0.973    Multiplier_logic/K_size[1]
    SLICE_X20Y30         LUT5 (Prop_lut5_I3_O)        0.124     1.097 f  Multiplier_logic/offset[3]_i_6/O
                         net (fo=1, routed)           0.807     1.904    Multiplier_logic/offset[3]_i_6_n_0
    SLICE_X19Y30         LUT4 (Prop_lut4_I0_O)        0.124     2.028 f  Multiplier_logic/offset[3]_i_3/O
                         net (fo=2, routed)           1.104     3.132    Multiplier_logic/offset[3]_i_3_n_0
    SLICE_X20Y33         LUT4 (Prop_lut4_I0_O)        0.146     3.278 r  Multiplier_logic/col_counter[3]_i_6/O
                         net (fo=4, routed)           1.019     4.297    Multiplier_logic/col_counter[3]_i_6_n_0
    SLICE_X20Y32         LUT6 (Prop_lut6_I0_O)        0.328     4.625 r  Multiplier_logic/col_counter[3]_i_2/O
                         net (fo=1, routed)           0.000     4.625    Multiplier_logic/col_counter[3]_i_2_n_0
    SLICE_X20Y32         FDCE                                         r  Multiplier_logic/col_counter_reg[3]/D
  -------------------------------------------------------------------    -------------------

                         (clock PL_clk_125 fall edge)
                                                      5.000     5.000 f  
                                                      0.000     5.000 f  clk (IN)
                         net (fo=248, unset)          0.924     5.924    Multiplier_logic/clk
    SLICE_X20Y32         FDCE                                         r  Multiplier_logic/col_counter_reg[3]/C  (IS_INVERTED)

Slack:                    inf
  Source:                 N_size[1]
                            (input port)
  Destination:            Multiplier_logic/row_counter_reg[0]/CE
                            (falling edge-triggered cell FDCE clocked by PL_clk_125  {rise@0.000ns fall@5.000ns period=10.000ns})
  Path Group:             (none)
  Path Type:              Setup (Max at Slow Process Corner)
  Data Path Delay:        4.588ns  (logic 0.732ns (15.956%)  route 3.856ns (84.044%))
  Logic Levels:           4  (LUT5=1 LUT6=3)
  Clock Path Skew:        0.924ns (DCD - SCD + CPR)
    Destination Clock Delay (DCD):    0.924ns = ( 5.924 - 5.000 ) 
    Source Clock Delay      (SCD):    0.000ns
    Clock Pessimism Removal (CPR):    0.000ns

    Location             Delay type                Incr(ns)  Path(ns)    Netlist Resource(s)
  -------------------------------------------------------------------    -------------------
                                                      0.000     0.000 r  N_size[1] (IN)
                         net (fo=13, unset)           0.973     0.973    Multiplier_logic/N_size[1]
    SLICE_X18Y35         LUT6 (Prop_lut6_I5_O)        0.124     1.097 r  Multiplier_logic/curr_state[1]_i_5/O
                         net (fo=2, routed)           0.996     2.093    Multiplier_logic/curr_state[1]_i_5_n_0
    SLICE_X17Y35         LUT6 (Prop_lut6_I1_O)        0.124     2.217 f  Multiplier_logic/curr_state[1]_i_3/O
                         net (fo=2, routed)           0.780     2.998    Multiplier_logic/curr_state[1]_i_3_n_0
    SLICE_X19Y33         LUT5 (Prop_lut5_I3_O)        0.152     3.150 r  Multiplier_logic/curr_state[0]_i_2/O
                         net (fo=19, routed)          0.629     3.779    Multiplier_logic/next_state[0]
    SLICE_X18Y33         LUT6 (Prop_lut6_I3_O)        0.332     4.111 r  Multiplier_logic/row_counter[3]_i_1/O
                         net (fo=4, routed)           0.476     4.588    Multiplier_logic/row_counter[3]_i_1_n_0
    SLICE_X17Y32         FDCE                                         r  Multiplier_logic/row_counter_reg[0]/CE
  -------------------------------------------------------------------    -------------------

                         (clock PL_clk_125 fall edge)
                                                      5.000     5.000 f  
                                                      0.000     5.000 f  clk (IN)
                         net (fo=248, unset)          0.924     5.924    Multiplier_logic/clk
    SLICE_X17Y32         FDCE                                         r  Multiplier_logic/row_counter_reg[0]/C  (IS_INVERTED)

Slack:                    inf
  Source:                 N_size[1]
                            (input port)
  Destination:            Multiplier_logic/row_counter_reg[1]/CE
                            (falling edge-triggered cell FDCE clocked by PL_clk_125  {rise@0.000ns fall@5.000ns period=10.000ns})
  Path Group:             (none)
  Path Type:              Setup (Max at Slow Process Corner)
  Data Path Delay:        4.588ns  (logic 0.732ns (15.956%)  route 3.856ns (84.044%))
  Logic Levels:           4  (LUT5=1 LUT6=3)
  Clock Path Skew:        0.924ns (DCD - SCD + CPR)
    Destination Clock Delay (DCD):    0.924ns = ( 5.924 - 5.000 ) 
    Source Clock Delay      (SCD):    0.000ns
    Clock Pessimism Removal (CPR):    0.000ns

    Location             Delay type                Incr(ns)  Path(ns)    Netlist Resource(s)
  -------------------------------------------------------------------    -------------------
                                                      0.000     0.000 r  N_size[1] (IN)
                         net (fo=13, unset)           0.973     0.973    Multiplier_logic/N_size[1]
    SLICE_X18Y35         LUT6 (Prop_lut6_I5_O)        0.124     1.097 r  Multiplier_logic/curr_state[1]_i_5/O
                         net (fo=2, routed)           0.996     2.093    Multiplier_logic/curr_state[1]_i_5_n_0
    SLICE_X17Y35         LUT6 (Prop_lut6_I1_O)        0.124     2.217 f  Multiplier_logic/curr_state[1]_i_3/O
                         net (fo=2, routed)           0.780     2.998    Multiplier_logic/curr_state[1]_i_3_n_0
    SLICE_X19Y33         LUT5 (Prop_lut5_I3_O)        0.152     3.150 r  Multiplier_logic/curr_state[0]_i_2/O
                         net (fo=19, routed)          0.629     3.779    Multiplier_logic/next_state[0]
    SLICE_X18Y33         LUT6 (Prop_lut6_I3_O)        0.332     4.111 r  Multiplier_logic/row_counter[3]_i_1/O
                         net (fo=4, routed)           0.476     4.588    Multiplier_logic/row_counter[3]_i_1_n_0
    SLICE_X17Y32         FDCE                                         r  Multiplier_logic/row_counter_reg[1]/CE
  -------------------------------------------------------------------    -------------------

                         (clock PL_clk_125 fall edge)
                                                      5.000     5.000 f  
                                                      0.000     5.000 f  clk (IN)
                         net (fo=248, unset)          0.924     5.924    Multiplier_logic/clk
    SLICE_X17Y32         FDCE                                         r  Multiplier_logic/row_counter_reg[1]/C  (IS_INVERTED)

Slack:                    inf
  Source:                 K_size[1]
                            (input port)
  Destination:            Multiplier_logic/col_counter_reg[1]/D
                            (falling edge-triggered cell FDCE clocked by PL_clk_125  {rise@0.000ns fall@5.000ns period=10.000ns})
  Path Group:             (none)
  Path Type:              Setup (Max at Slow Process Corner)
  Data Path Delay:        4.580ns  (logic 0.722ns (15.763%)  route 3.858ns (84.237%))
  Logic Levels:           4  (LUT4=2 LUT5=1 LUT6=1)
  Clock Path Skew:        0.924ns (DCD - SCD + CPR)
    Destination Clock Delay (DCD):    0.924ns = ( 5.924 - 5.000 ) 
    Source Clock Delay      (SCD):    0.000ns
    Clock Pessimism Removal (CPR):    0.000ns

    Location             Delay type                Incr(ns)  Path(ns)    Netlist Resource(s)
  -------------------------------------------------------------------    -------------------
                                                      0.000     0.000 r  K_size[1] (IN)
                         net (fo=21, unset)           0.973     0.973    Multiplier_logic/K_size[1]
    SLICE_X20Y30         LUT5 (Prop_lut5_I3_O)        0.124     1.097 f  Multiplier_logic/offset[3]_i_6/O
                         net (fo=1, routed)           0.807     1.904    Multiplier_logic/offset[3]_i_6_n_0
    SLICE_X19Y30         LUT4 (Prop_lut4_I0_O)        0.124     2.028 f  Multiplier_logic/offset[3]_i_3/O
                         net (fo=2, routed)           1.104     3.132    Multiplier_logic/offset[3]_i_3_n_0
    SLICE_X20Y33         LUT4 (Prop_lut4_I0_O)        0.146     3.278 r  Multiplier_logic/col_counter[3]_i_6/O
                         net (fo=4, routed)           0.974     4.252    Multiplier_logic/col_counter[3]_i_6_n_0
    SLICE_X20Y32         LUT6 (Prop_lut6_I0_O)        0.328     4.580 r  Multiplier_logic/col_counter[1]_i_1/O
                         net (fo=1, routed)           0.000     4.580    Multiplier_logic/col_counter[1]_i_1_n_0
    SLICE_X20Y32         FDCE                                         r  Multiplier_logic/col_counter_reg[1]/D
  -------------------------------------------------------------------    -------------------

                         (clock PL_clk_125 fall edge)
                                                      5.000     5.000 f  
                                                      0.000     5.000 f  clk (IN)
                         net (fo=248, unset)          0.924     5.924    Multiplier_logic/clk
    SLICE_X20Y32         FDCE                                         r  Multiplier_logic/col_counter_reg[1]/C  (IS_INVERTED)

Slack:                    inf
  Source:                 K_size[1]
                            (input port)
  Destination:            Multiplier_logic/col_counter_reg[2]/D
                            (falling edge-triggered cell FDCE clocked by PL_clk_125  {rise@0.000ns fall@5.000ns period=10.000ns})
  Path Group:             (none)
  Path Type:              Setup (Max at Slow Process Corner)
  Data Path Delay:        4.572ns  (logic 0.722ns (15.791%)  route 3.850ns (84.209%))
  Logic Levels:           4  (LUT4=2 LUT5=1 LUT6=1)
  Clock Path Skew:        0.924ns (DCD - SCD + CPR)
    Destination Clock Delay (DCD):    0.924ns = ( 5.924 - 5.000 ) 
    Source Clock Delay      (SCD):    0.000ns
    Clock Pessimism Removal (CPR):    0.000ns

    Location             Delay type                Incr(ns)  Path(ns)    Netlist Resource(s)
  -------------------------------------------------------------------    -------------------
                                                      0.000     0.000 r  K_size[1] (IN)
                         net (fo=21, unset)           0.973     0.973    Multiplier_logic/K_size[1]
    SLICE_X20Y30         LUT5 (Prop_lut5_I3_O)        0.124     1.097 f  Multiplier_logic/offset[3]_i_6/O
                         net (fo=1, routed)           0.807     1.904    Multiplier_logic/offset[3]_i_6_n_0
    SLICE_X19Y30         LUT4 (Prop_lut4_I0_O)        0.124     2.028 f  Multiplier_logic/offset[3]_i_3/O
                         net (fo=2, routed)           1.104     3.132    Multiplier_logic/offset[3]_i_3_n_0
    SLICE_X20Y33         LUT4 (Prop_lut4_I0_O)        0.146     3.278 r  Multiplier_logic/col_counter[3]_i_6/O
                         net (fo=4, routed)           0.966     4.244    Multiplier_logic/col_counter[3]_i_6_n_0
    SLICE_X20Y32         LUT6 (Prop_lut6_I0_O)        0.328     4.572 r  Multiplier_logic/col_counter[2]_i_1/O
                         net (fo=1, routed)           0.000     4.572    Multiplier_logic/col_counter[2]_i_1_n_0
    SLICE_X20Y32         FDCE                                         r  Multiplier_logic/col_counter_reg[2]/D
  -------------------------------------------------------------------    -------------------

                         (clock PL_clk_125 fall edge)
                                                      5.000     5.000 f  
                                                      0.000     5.000 f  clk (IN)
                         net (fo=248, unset)          0.924     5.924    Multiplier_logic/clk
    SLICE_X20Y32         FDCE                                         r  Multiplier_logic/col_counter_reg[2]/C  (IS_INVERTED)

Slack:                    inf
  Source:                 N_size[1]
                            (input port)
  Destination:            Multiplier_logic/col_counter_reg[0]/CE
                            (falling edge-triggered cell FDCE clocked by PL_clk_125  {rise@0.000ns fall@5.000ns period=10.000ns})
  Path Group:             (none)
  Path Type:              Setup (Max at Slow Process Corner)
  Data Path Delay:        4.448ns  (logic 0.732ns (16.457%)  route 3.716ns (83.543%))
  Logic Levels:           4  (LUT5=1 LUT6=3)
  Clock Path Skew:        0.924ns (DCD - SCD + CPR)
    Destination Clock Delay (DCD):    0.924ns = ( 5.924 - 5.000 ) 
    Source Clock Delay      (SCD):    0.000ns
    Clock Pessimism Removal (CPR):    0.000ns

    Location             Delay type                Incr(ns)  Path(ns)    Netlist Resource(s)
  -------------------------------------------------------------------    -------------------
                                                      0.000     0.000 r  N_size[1] (IN)
                         net (fo=13, unset)           0.973     0.973    Multiplier_logic/N_size[1]
    SLICE_X18Y35         LUT6 (Prop_lut6_I5_O)        0.124     1.097 r  Multiplier_logic/curr_state[1]_i_5/O
                         net (fo=2, routed)           0.996     2.093    Multiplier_logic/curr_state[1]_i_5_n_0
    SLICE_X17Y35         LUT6 (Prop_lut6_I1_O)        0.124     2.217 f  Multiplier_logic/curr_state[1]_i_3/O
                         net (fo=2, routed)           0.780     2.998    Multiplier_logic/curr_state[1]_i_3_n_0
    SLICE_X19Y33         LUT5 (Prop_lut5_I3_O)        0.152     3.150 r  Multiplier_logic/curr_state[0]_i_2/O
                         net (fo=19, routed)          0.446     3.596    Multiplier_logic/next_state[0]
    SLICE_X20Y33         LUT6 (Prop_lut6_I3_O)        0.332     3.928 r  Multiplier_logic/col_counter[3]_i_1/O
                         net (fo=4, routed)           0.520     4.448    Multiplier_logic/col_counter[3]_i_1_n_0
    SLICE_X20Y32         FDCE                                         r  Multiplier_logic/col_counter_reg[0]/CE
  -------------------------------------------------------------------    -------------------

                         (clock PL_clk_125 fall edge)
                                                      5.000     5.000 f  
                                                      0.000     5.000 f  clk (IN)
                         net (fo=248, unset)          0.924     5.924    Multiplier_logic/clk
    SLICE_X20Y32         FDCE                                         r  Multiplier_logic/col_counter_reg[0]/C  (IS_INVERTED)

Slack:                    inf
  Source:                 N_size[1]
                            (input port)
  Destination:            Multiplier_logic/col_counter_reg[1]/CE
                            (falling edge-triggered cell FDCE clocked by PL_clk_125  {rise@0.000ns fall@5.000ns period=10.000ns})
  Path Group:             (none)
  Path Type:              Setup (Max at Slow Process Corner)
  Data Path Delay:        4.448ns  (logic 0.732ns (16.457%)  route 3.716ns (83.543%))
  Logic Levels:           4  (LUT5=1 LUT6=3)
  Clock Path Skew:        0.924ns (DCD - SCD + CPR)
    Destination Clock Delay (DCD):    0.924ns = ( 5.924 - 5.000 ) 
    Source Clock Delay      (SCD):    0.000ns
    Clock Pessimism Removal (CPR):    0.000ns

    Location             Delay type                Incr(ns)  Path(ns)    Netlist Resource(s)
  -------------------------------------------------------------------    -------------------
                                                      0.000     0.000 r  N_size[1] (IN)
                         net (fo=13, unset)           0.973     0.973    Multiplier_logic/N_size[1]
    SLICE_X18Y35         LUT6 (Prop_lut6_I5_O)        0.124     1.097 r  Multiplier_logic/curr_state[1]_i_5/O
                         net (fo=2, routed)           0.996     2.093    Multiplier_logic/curr_state[1]_i_5_n_0
    SLICE_X17Y35         LUT6 (Prop_lut6_I1_O)        0.124     2.217 f  Multiplier_logic/curr_state[1]_i_3/O
                         net (fo=2, routed)           0.780     2.998    Multiplier_logic/curr_state[1]_i_3_n_0
    SLICE_X19Y33         LUT5 (Prop_lut5_I3_O)        0.152     3.150 r  Multiplier_logic/curr_state[0]_i_2/O
                         net (fo=19, routed)          0.446     3.596    Multiplier_logic/next_state[0]
    SLICE_X20Y33         LUT6 (Prop_lut6_I3_O)        0.332     3.928 r  Multiplier_logic/col_counter[3]_i_1/O
                         net (fo=4, routed)           0.520     4.448    Multiplier_logic/col_counter[3]_i_1_n_0
    SLICE_X20Y32         FDCE                                         r  Multiplier_logic/col_counter_reg[1]/CE
  -------------------------------------------------------------------    -------------------

                         (clock PL_clk_125 fall edge)
                                                      5.000     5.000 f  
                                                      0.000     5.000 f  clk (IN)
                         net (fo=248, unset)          0.924     5.924    Multiplier_logic/clk
    SLICE_X20Y32         FDCE                                         r  Multiplier_logic/col_counter_reg[1]/C  (IS_INVERTED)

Slack:                    inf
  Source:                 N_size[1]
                            (input port)
  Destination:            Multiplier_logic/col_counter_reg[2]/CE
                            (falling edge-triggered cell FDCE clocked by PL_clk_125  {rise@0.000ns fall@5.000ns period=10.000ns})
  Path Group:             (none)
  Path Type:              Setup (Max at Slow Process Corner)
  Data Path Delay:        4.448ns  (logic 0.732ns (16.457%)  route 3.716ns (83.543%))
  Logic Levels:           4  (LUT5=1 LUT6=3)
  Clock Path Skew:        0.924ns (DCD - SCD + CPR)
    Destination Clock Delay (DCD):    0.924ns = ( 5.924 - 5.000 ) 
    Source Clock Delay      (SCD):    0.000ns
    Clock Pessimism Removal (CPR):    0.000ns

    Location             Delay type                Incr(ns)  Path(ns)    Netlist Resource(s)
  -------------------------------------------------------------------    -------------------
                                                      0.000     0.000 r  N_size[1] (IN)
                         net (fo=13, unset)           0.973     0.973    Multiplier_logic/N_size[1]
    SLICE_X18Y35         LUT6 (Prop_lut6_I5_O)        0.124     1.097 r  Multiplier_logic/curr_state[1]_i_5/O
                         net (fo=2, routed)           0.996     2.093    Multiplier_logic/curr_state[1]_i_5_n_0
    SLICE_X17Y35         LUT6 (Prop_lut6_I1_O)        0.124     2.217 f  Multiplier_logic/curr_state[1]_i_3/O
                         net (fo=2, routed)           0.780     2.998    Multiplier_logic/curr_state[1]_i_3_n_0
    SLICE_X19Y33         LUT5 (Prop_lut5_I3_O)        0.152     3.150 r  Multiplier_logic/curr_state[0]_i_2/O
                         net (fo=19, routed)          0.446     3.596    Multiplier_logic/next_state[0]
    SLICE_X20Y33         LUT6 (Prop_lut6_I3_O)        0.332     3.928 r  Multiplier_logic/col_counter[3]_i_1/O
                         net (fo=4, routed)           0.520     4.448    Multiplier_logic/col_counter[3]_i_1_n_0
    SLICE_X20Y32         FDCE                                         r  Multiplier_logic/col_counter_reg[2]/CE
  -------------------------------------------------------------------    -------------------

                         (clock PL_clk_125 fall edge)
                                                      5.000     5.000 f  
                                                      0.000     5.000 f  clk (IN)
                         net (fo=248, unset)          0.924     5.924    Multiplier_logic/clk
    SLICE_X20Y32         FDCE                                         r  Multiplier_logic/col_counter_reg[2]/C  (IS_INVERTED)

Slack:                    inf
  Source:                 N_size[1]
                            (input port)
  Destination:            Multiplier_logic/col_counter_reg[3]/CE
                            (falling edge-triggered cell FDCE clocked by PL_clk_125  {rise@0.000ns fall@5.000ns period=10.000ns})
  Path Group:             (none)
  Path Type:              Setup (Max at Slow Process Corner)
  Data Path Delay:        4.448ns  (logic 0.732ns (16.457%)  route 3.716ns (83.543%))
  Logic Levels:           4  (LUT5=1 LUT6=3)
  Clock Path Skew:        0.924ns (DCD - SCD + CPR)
    Destination Clock Delay (DCD):    0.924ns = ( 5.924 - 5.000 ) 
    Source Clock Delay      (SCD):    0.000ns
    Clock Pessimism Removal (CPR):    0.000ns

    Location             Delay type                Incr(ns)  Path(ns)    Netlist Resource(s)
  -------------------------------------------------------------------    -------------------
                                                      0.000     0.000 r  N_size[1] (IN)
                         net (fo=13, unset)           0.973     0.973    Multiplier_logic/N_size[1]
    SLICE_X18Y35         LUT6 (Prop_lut6_I5_O)        0.124     1.097 r  Multiplier_logic/curr_state[1]_i_5/O
                         net (fo=2, routed)           0.996     2.093    Multiplier_logic/curr_state[1]_i_5_n_0
    SLICE_X17Y35         LUT6 (Prop_lut6_I1_O)        0.124     2.217 f  Multiplier_logic/curr_state[1]_i_3/O
                         net (fo=2, routed)           0.780     2.998    Multiplier_logic/curr_state[1]_i_3_n_0
    SLICE_X19Y33         LUT5 (Prop_lut5_I3_O)        0.152     3.150 r  Multiplier_logic/curr_state[0]_i_2/O
                         net (fo=19, routed)          0.446     3.596    Multiplier_logic/next_state[0]
    SLICE_X20Y33         LUT6 (Prop_lut6_I3_O)        0.332     3.928 r  Multiplier_logic/col_counter[3]_i_1/O
                         net (fo=4, routed)           0.520     4.448    Multiplier_logic/col_counter[3]_i_1_n_0
    SLICE_X20Y32         FDCE                                         r  Multiplier_logic/col_counter_reg[3]/CE
  -------------------------------------------------------------------    -------------------

                         (clock PL_clk_125 fall edge)
                                                      5.000     5.000 f  
                                                      0.000     5.000 f  clk (IN)
                         net (fo=248, unset)          0.924     5.924    Multiplier_logic/clk
    SLICE_X20Y32         FDCE                                         r  Multiplier_logic/col_counter_reg[3]/C  (IS_INVERTED)





Min Delay Paths
--------------------------------------------------------------------------------------
Slack:                    inf
  Source:                 rst
                            (input port)
  Destination:            Multiplier_logic/C_row_internal_reg[0][0]/R
                            (falling edge-triggered cell FDRE clocked by PL_clk_125  {rise@0.000ns fall@5.000ns period=10.000ns})
  Path Group:             (none)
  Path Type:              Hold (Min at Fast Process Corner)
  Data Path Delay:        0.410ns  (logic 0.000ns (0.000%)  route 0.410ns (100.000%))
  Logic Levels:           0  
  Clock Path Skew:        0.432ns (DCD - SCD - CPR)
    Destination Clock Delay (DCD):    0.432ns = ( 5.432 - 5.000 ) 
    Source Clock Delay      (SCD):    0.000ns
    Clock Pessimism Removal (CPR):    -0.000ns

    Location             Delay type                Incr(ns)  Path(ns)    Netlist Resource(s)
  -------------------------------------------------------------------    -------------------
                                                      0.000     0.000 r  rst (IN)
                         net (fo=246, unset)          0.410     0.410    Multiplier_logic/rst
    SLICE_X12Y33         FDRE                                         r  Multiplier_logic/C_row_internal_reg[0][0]/R
  -------------------------------------------------------------------    -------------------

                         (clock PL_clk_125 fall edge)
                                                      5.000     5.000 f  
                                                      0.000     5.000 f  clk (IN)
                         net (fo=248, unset)          0.432     5.432    Multiplier_logic/clk
    SLICE_X12Y33         FDRE                                         r  Multiplier_logic/C_row_internal_reg[0][0]/C  (IS_INVERTED)

Slack:                    inf
  Source:                 rst
                            (input port)
  Destination:            Multiplier_logic/C_row_internal_reg[0][1]/R
                            (falling edge-triggered cell FDRE clocked by PL_clk_125  {rise@0.000ns fall@5.000ns period=10.000ns})
  Path Group:             (none)
  Path Type:              Hold (Min at Fast Process Corner)
  Data Path Delay:        0.410ns  (logic 0.000ns (0.000%)  route 0.410ns (100.000%))
  Logic Levels:           0  
  Clock Path Skew:        0.432ns (DCD - SCD - CPR)
    Destination Clock Delay (DCD):    0.432ns = ( 5.432 - 5.000 ) 
    Source Clock Delay      (SCD):    0.000ns
    Clock Pessimism Removal (CPR):    -0.000ns

    Location             Delay type                Incr(ns)  Path(ns)    Netlist Resource(s)
  -------------------------------------------------------------------    -------------------
                                                      0.000     0.000 r  rst (IN)
                         net (fo=246, unset)          0.410     0.410    Multiplier_logic/rst
    SLICE_X12Y33         FDRE                                         r  Multiplier_logic/C_row_internal_reg[0][1]/R
  -------------------------------------------------------------------    -------------------

                         (clock PL_clk_125 fall edge)
                                                      5.000     5.000 f  
                                                      0.000     5.000 f  clk (IN)
                         net (fo=248, unset)          0.432     5.432    Multiplier_logic/clk
    SLICE_X12Y33         FDRE                                         r  Multiplier_logic/C_row_internal_reg[0][1]/C  (IS_INVERTED)

Slack:                    inf
  Source:                 rst
                            (input port)
  Destination:            Multiplier_logic/C_row_internal_reg[0][2]/R
                            (falling edge-triggered cell FDRE clocked by PL_clk_125  {rise@0.000ns fall@5.000ns period=10.000ns})
  Path Group:             (none)
  Path Type:              Hold (Min at Fast Process Corner)
  Data Path Delay:        0.410ns  (logic 0.000ns (0.000%)  route 0.410ns (100.000%))
  Logic Levels:           0  
  Clock Path Skew:        0.432ns (DCD - SCD - CPR)
    Destination Clock Delay (DCD):    0.432ns = ( 5.432 - 5.000 ) 
    Source Clock Delay      (SCD):    0.000ns
    Clock Pessimism Removal (CPR):    -0.000ns

    Location             Delay type                Incr(ns)  Path(ns)    Netlist Resource(s)
  -------------------------------------------------------------------    -------------------
                                                      0.000     0.000 r  rst (IN)
                         net (fo=246, unset)          0.410     0.410    Multiplier_logic/rst
    SLICE_X12Y33         FDRE                                         r  Multiplier_logic/C_row_internal_reg[0][2]/R
  -------------------------------------------------------------------    -------------------

                         (clock PL_clk_125 fall edge)
                                                      5.000     5.000 f  
                                                      0.000     5.000 f  clk (IN)
                         net (fo=248, unset)          0.432     5.432    Multiplier_logic/clk
    SLICE_X12Y33         FDRE                                         r  Multiplier_logic/C_row_internal_reg[0][2]/C  (IS_INVERTED)

Slack:                    inf
  Source:                 rst
                            (input port)
  Destination:            Multiplier_logic/C_row_internal_reg[0][3]/R
                            (falling edge-triggered cell FDRE clocked by PL_clk_125  {rise@0.000ns fall@5.000ns period=10.000ns})
  Path Group:             (none)
  Path Type:              Hold (Min at Fast Process Corner)
  Data Path Delay:        0.410ns  (logic 0.000ns (0.000%)  route 0.410ns (100.000%))
  Logic Levels:           0  
  Clock Path Skew:        0.432ns (DCD - SCD - CPR)
    Destination Clock Delay (DCD):    0.432ns = ( 5.432 - 5.000 ) 
    Source Clock Delay      (SCD):    0.000ns
    Clock Pessimism Removal (CPR):    -0.000ns

    Location             Delay type                Incr(ns)  Path(ns)    Netlist Resource(s)
  -------------------------------------------------------------------    -------------------
                                                      0.000     0.000 r  rst (IN)
                         net (fo=246, unset)          0.410     0.410    Multiplier_logic/rst
    SLICE_X12Y33         FDRE                                         r  Multiplier_logic/C_row_internal_reg[0][3]/R
  -------------------------------------------------------------------    -------------------

                         (clock PL_clk_125 fall edge)
                                                      5.000     5.000 f  
                                                      0.000     5.000 f  clk (IN)
                         net (fo=248, unset)          0.432     5.432    Multiplier_logic/clk
    SLICE_X12Y33         FDRE                                         r  Multiplier_logic/C_row_internal_reg[0][3]/C  (IS_INVERTED)

Slack:                    inf
  Source:                 rst
                            (input port)
  Destination:            Multiplier_logic/C_row_internal_reg[0][4]/R
                            (falling edge-triggered cell FDRE clocked by PL_clk_125  {rise@0.000ns fall@5.000ns period=10.000ns})
  Path Group:             (none)
  Path Type:              Hold (Min at Fast Process Corner)
  Data Path Delay:        0.410ns  (logic 0.000ns (0.000%)  route 0.410ns (100.000%))
  Logic Levels:           0  
  Clock Path Skew:        0.432ns (DCD - SCD - CPR)
    Destination Clock Delay (DCD):    0.432ns = ( 5.432 - 5.000 ) 
    Source Clock Delay      (SCD):    0.000ns
    Clock Pessimism Removal (CPR):    -0.000ns

    Location             Delay type                Incr(ns)  Path(ns)    Netlist Resource(s)
  -------------------------------------------------------------------    -------------------
                                                      0.000     0.000 r  rst (IN)
                         net (fo=246, unset)          0.410     0.410    Multiplier_logic/rst
    SLICE_X12Y33         FDRE                                         r  Multiplier_logic/C_row_internal_reg[0][4]/R
  -------------------------------------------------------------------    -------------------

                         (clock PL_clk_125 fall edge)
                                                      5.000     5.000 f  
                                                      0.000     5.000 f  clk (IN)
                         net (fo=248, unset)          0.432     5.432    Multiplier_logic/clk
    SLICE_X12Y33         FDRE                                         r  Multiplier_logic/C_row_internal_reg[0][4]/C  (IS_INVERTED)

Slack:                    inf
  Source:                 rst
                            (input port)
  Destination:            Multiplier_logic/C_row_internal_reg[0][5]/R
                            (falling edge-triggered cell FDRE clocked by PL_clk_125  {rise@0.000ns fall@5.000ns period=10.000ns})
  Path Group:             (none)
  Path Type:              Hold (Min at Fast Process Corner)
  Data Path Delay:        0.410ns  (logic 0.000ns (0.000%)  route 0.410ns (100.000%))
  Logic Levels:           0  
  Clock Path Skew:        0.432ns (DCD - SCD - CPR)
    Destination Clock Delay (DCD):    0.432ns = ( 5.432 - 5.000 ) 
    Source Clock Delay      (SCD):    0.000ns
    Clock Pessimism Removal (CPR):    -0.000ns

    Location             Delay type                Incr(ns)  Path(ns)    Netlist Resource(s)
  -------------------------------------------------------------------    -------------------
                                                      0.000     0.000 r  rst (IN)
                         net (fo=246, unset)          0.410     0.410    Multiplier_logic/rst
    SLICE_X12Y33         FDRE                                         r  Multiplier_logic/C_row_internal_reg[0][5]/R
  -------------------------------------------------------------------    -------------------

                         (clock PL_clk_125 fall edge)
                                                      5.000     5.000 f  
                                                      0.000     5.000 f  clk (IN)
                         net (fo=248, unset)          0.432     5.432    Multiplier_logic/clk
    SLICE_X12Y33         FDRE                                         r  Multiplier_logic/C_row_internal_reg[0][5]/C  (IS_INVERTED)

Slack:                    inf
  Source:                 rst
                            (input port)
  Destination:            Multiplier_logic/C_row_internal_reg[0][6]/R
                            (falling edge-triggered cell FDRE clocked by PL_clk_125  {rise@0.000ns fall@5.000ns period=10.000ns})
  Path Group:             (none)
  Path Type:              Hold (Min at Fast Process Corner)
  Data Path Delay:        0.410ns  (logic 0.000ns (0.000%)  route 0.410ns (100.000%))
  Logic Levels:           0  
  Clock Path Skew:        0.432ns (DCD - SCD - CPR)
    Destination Clock Delay (DCD):    0.432ns = ( 5.432 - 5.000 ) 
    Source Clock Delay      (SCD):    0.000ns
    Clock Pessimism Removal (CPR):    -0.000ns

    Location             Delay type                Incr(ns)  Path(ns)    Netlist Resource(s)
  -------------------------------------------------------------------    -------------------
                                                      0.000     0.000 r  rst (IN)
                         net (fo=246, unset)          0.410     0.410    Multiplier_logic/rst
    SLICE_X14Y33         FDRE                                         r  Multiplier_logic/C_row_internal_reg[0][6]/R
  -------------------------------------------------------------------    -------------------

                         (clock PL_clk_125 fall edge)
                                                      5.000     5.000 f  
                                                      0.000     5.000 f  clk (IN)
                         net (fo=248, unset)          0.432     5.432    Multiplier_logic/clk
    SLICE_X14Y33         FDRE                                         r  Multiplier_logic/C_row_internal_reg[0][6]/C  (IS_INVERTED)

Slack:                    inf
  Source:                 rst
                            (input port)
  Destination:            Multiplier_logic/C_row_internal_reg[0][7]/R
                            (falling edge-triggered cell FDRE clocked by PL_clk_125  {rise@0.000ns fall@5.000ns period=10.000ns})
  Path Group:             (none)
  Path Type:              Hold (Min at Fast Process Corner)
  Data Path Delay:        0.410ns  (logic 0.000ns (0.000%)  route 0.410ns (100.000%))
  Logic Levels:           0  
  Clock Path Skew:        0.432ns (DCD - SCD - CPR)
    Destination Clock Delay (DCD):    0.432ns = ( 5.432 - 5.000 ) 
    Source Clock Delay      (SCD):    0.000ns
    Clock Pessimism Removal (CPR):    -0.000ns

    Location             Delay type                Incr(ns)  Path(ns)    Netlist Resource(s)
  -------------------------------------------------------------------    -------------------
                                                      0.000     0.000 r  rst (IN)
                         net (fo=246, unset)          0.410     0.410    Multiplier_logic/rst
    SLICE_X12Y33         FDRE                                         r  Multiplier_logic/C_row_internal_reg[0][7]/R
  -------------------------------------------------------------------    -------------------

                         (clock PL_clk_125 fall edge)
                                                      5.000     5.000 f  
                                                      0.000     5.000 f  clk (IN)
                         net (fo=248, unset)          0.432     5.432    Multiplier_logic/clk
    SLICE_X12Y33         FDRE                                         r  Multiplier_logic/C_row_internal_reg[0][7]/C  (IS_INVERTED)

Slack:                    inf
  Source:                 rst
                            (input port)
  Destination:            Multiplier_logic/C_row_internal_reg[0][8]/R
                            (falling edge-triggered cell FDRE clocked by PL_clk_125  {rise@0.000ns fall@5.000ns period=10.000ns})
  Path Group:             (none)
  Path Type:              Hold (Min at Fast Process Corner)
  Data Path Delay:        0.410ns  (logic 0.000ns (0.000%)  route 0.410ns (100.000%))
  Logic Levels:           0  
  Clock Path Skew:        0.432ns (DCD - SCD - CPR)
    Destination Clock Delay (DCD):    0.432ns = ( 5.432 - 5.000 ) 
    Source Clock Delay      (SCD):    0.000ns
    Clock Pessimism Removal (CPR):    -0.000ns

    Location             Delay type                Incr(ns)  Path(ns)    Netlist Resource(s)
  -------------------------------------------------------------------    -------------------
                                                      0.000     0.000 r  rst (IN)
                         net (fo=246, unset)          0.410     0.410    Multiplier_logic/rst
    SLICE_X12Y33         FDRE                                         r  Multiplier_logic/C_row_internal_reg[0][8]/R
  -------------------------------------------------------------------    -------------------

                         (clock PL_clk_125 fall edge)
                                                      5.000     5.000 f  
                                                      0.000     5.000 f  clk (IN)
                         net (fo=248, unset)          0.432     5.432    Multiplier_logic/clk
    SLICE_X12Y33         FDRE                                         r  Multiplier_logic/C_row_internal_reg[0][8]/C  (IS_INVERTED)

Slack:                    inf
  Source:                 rst
                            (input port)
  Destination:            Multiplier_logic/C_row_internal_reg[1][0]/R
                            (falling edge-triggered cell FDRE clocked by PL_clk_125  {rise@0.000ns fall@5.000ns period=10.000ns})
  Path Group:             (none)
  Path Type:              Hold (Min at Fast Process Corner)
  Data Path Delay:        0.410ns  (logic 0.000ns (0.000%)  route 0.410ns (100.000%))
  Logic Levels:           0  
  Clock Path Skew:        0.432ns (DCD - SCD - CPR)
    Destination Clock Delay (DCD):    0.432ns = ( 5.432 - 5.000 ) 
    Source Clock Delay      (SCD):    0.000ns
    Clock Pessimism Removal (CPR):    -0.000ns

    Location             Delay type                Incr(ns)  Path(ns)    Netlist Resource(s)
  -------------------------------------------------------------------    -------------------
                                                      0.000     0.000 r  rst (IN)
                         net (fo=246, unset)          0.410     0.410    Multiplier_logic/rst
    SLICE_X12Y34         FDRE                                         r  Multiplier_logic/C_row_internal_reg[1][0]/R
  -------------------------------------------------------------------    -------------------

                         (clock PL_clk_125 fall edge)
                                                      5.000     5.000 f  
                                                      0.000     5.000 f  clk (IN)
                         net (fo=248, unset)          0.432     5.432    Multiplier_logic/clk
    SLICE_X12Y34         FDRE                                         r  Multiplier_logic/C_row_internal_reg[1][0]/C  (IS_INVERTED)





